SN,TIMESTAMP,PACKAGE_SIZE,MAX_VALUE,MIN_VALUE,MAT_0,MAT_1,MAT_2,MAT_3,MAT_4,MAT_5,MAT_6,MAT_7,MAT_8,MAT_9,MAT_10,MAT_11,MAT_12,MAT_13,MAT_14,MAT_15,MAT_16,MAT_17,MAT_18,MAT_19,MAT_20,MAT_21,MAT_22,MAT_23,MAT_24,MAT_25,MAT_26,MAT_27,MAT_28,MAT_29,MAT_30,MAT_31,MAT_32,MAT_33,MAT_34,MAT_35,MAT_36,MAT_37,MAT_38,MAT_39,MAT_40,MAT_41,MAT_42,MAT_43,MAT_44,MAT_45,MAT_46,MAT_47,MAT_48,MAT_49,MAT_50,MAT_51,MAT_52,MAT_53,MAT_54,MAT_55,MAT_56,MAT_57,MAT_58,MAT_59,MAT_60,MAT_61,MAT_62,MAT_63,MAT_64,MAT_65,MAT_66,MAT_67,MAT_68,MAT_69,MAT_70,MAT_71,MAT_72,MAT_73,MAT_74,MAT_75,MAT_76,MAT_77,MAT_78,MAT_79,MAT_80,MAT_81,MAT_82,MAT_83,MAT_84,MAT_85,MAT_86,MAT_87,MAT_88,MAT_89,MAT_90,MAT_91,MAT_92,MAT_93,MAT_94,MAT_95
0,2025-04-22 20:29:37.423,96,21,0,0,4,0,0,0,0,0,0,1,1,1,1,0,7,0,0,9,4,4,6,7,2,2,0,7,5,9,7,3,5,7,0,4,4,3,3,1,5,4,0,13,3,1,3,5,6,3,0,5,5,1,1,1,1,3,0,4,0,1,3,4,1,0,0,5,4,10,7,5,1,1,0,8,7,20,16,8,3,0,0,9,15,21,17,10,1,0,0,0,0,2,1,0,0,0,0
1,2025-04-22 20:29:37.434,96,21,0,0,4,0,0,0,0,0,0,1,1,1,1,0,7,0,0,9,4,4,6,7,2,2,0,7,5,9,7,3,5,7,0,4,4,3,3,1,5,4,0,13,3,1,3,5,6,3,0,5,5,1,1,1,1,3,0,4,0,1,3,4,1,0,0,5,4,10,7,5,1,1,0,8,7,20,16,8,3,0,0,9,15,21,17,10,1,0,0,0,0,2,1,0,0,0,0
2,2025-04-22 20:29:37.445,96,21,0,0,4,0,0,0,0,0,0,1,1,0,1,0,7,0,0,9,4,4,6,7,2,2,0,7,5,9,7,3,5,7,0,4,4,3,3,1,5,4,0,13,3,1,3,5,6,3,0,5,5,1,1,1,1,3,0,4,0,1,3,4,1,0,0,5,4,10,7,5,1,1,0,8,7,20,16,8,3,0,0,9,15,21,17,10,1,0,0,0,0,2,1,0,0,0,0
3,2025-04-22 20:29:37.454,96,21,0,0,4,0,0,0,0,0,0,1,1,1,1,0,7,0,0,9,4,4,6,7,2,2,0,7,5,9,7,3,5,7,0,4,4,3,3,1,5,4,0,13,3,1,3,5,6,3,0,5,5,1,1,1,1,3,0,4,0,1,3,4,1,0,0,5,4,10,7,5,1,1,0,8,7,20,16,8,3,0,0,9,15,21,17,10,1,0,0,0,0,2,1,0,0,0,0
4,2025-04-22 20:29:37.465,96,21,0,0,4,0,0,0,0,0,0,1,1,0,1,0,7,0,0,9,4,4,6,7,2,2,0,7,5,9,7,3,5,7,0,4,4,3,3,1,5,4,0,13,3,1,3,5,6,3,0,5,5,1,1,1,1,3,0,4,0,1,3,4,1,0,0,5,4,10,7,5,1,1,0,8,7,20,16,8,3,0,0,9,15,21,17,10,1,0,0,0,0,2,1,0,0,0,0
5,2025-04-22 20:29:37.478,96,21,0,0,4,0,0,0,0,0,0,1,1,0,1,0,7,0,0,9,4,4,6,7,2,2,0,7,5,9,7,3,5,7,0,4,4,3,3,1,5,4,0,13,3,1,3,5,6,3,0,5,5,1,1,1,1,3,0,4,0,1,3,4,1,0,0,5,4,10,7,5,1,1,0,8,7,20,16,8,3,0,0,9,15,21,17,10,1,0,0,0,0,2,1,0,0,0,0
6,2025-04-22 20:29:37.488,96,21,0,0,4,0,0,0,0,0,0,1,1,0,1,0,7,0,0,9,4,4,6,7,2,2,0,7,5,9,7,3,5,7,0,4,4,3,3,1,5,4,0,13,3,1,3,5,6,3,0,5,5,1,1,1,1,3,0,4,0,1,3,4,1,0,0,5,4,10,7,5,1,1,0,8,7,20,16,8,3,0,0,9,15,21,17,10,1,0,0,0,0,2,1,0,0,0,0
7,2025-04-22 20:29:37.498,96,21,0,0,4,0,0,0,0,0,0,1,1,0,1,0,7,0,0,9,4,4,6,7,2,2,0,7,5,9,7,3,5,7,0,4,4,3,3,1,5,4,0,13,3,1,3,5,6,3,0,5,5,1,1,1,1,3,0,4,0,1,3,4,1,0,0,5,4,10,7,5,1,1,0,8,7,20,16,8,3,0,0,9,15,21,17,10,1,0,0,0,0,2,1,0,0,0,0
8,2025-04-22 20:29:37.510,96,21,0,0,4,0,0,0,0,0,0,1,1,0,1,0,7,0,0,9,4,4,6,7,2,2,0,7,5,9,7,3,5,7,0,4,4,3,3,1,5,4,0,13,3,1,3,5,6,3,0,5,5,1,1,1,1,3,0,4,0,1,3,4,1,0,0,5,4,10,7,5,1,1,0,8,7,20,16,8,3,0,0,9,15,21,17,10,1,0,0,0,0,2,1,0,0,0,0
9,2025-04-22 20:29:37.519,96,21,0,0,4,0,0,0,0,0,0,1,1,0,1,0,7,0,0,9,4,4,6,7,2,2,0,7,5,9,7,3,5,7,0,4,4,3,3,1,5,4,0,13,3,1,3,5,6,3,0,5,5,1,1,1,1,3,0,4,0,1,3,4,1,0,0,5,4,10,7,5,1,1,0,8,7,20,16,8,3,0,0,9,15,21,17,10,1,0,0,0,0,2,1,0,0,0,0
10,2025-04-22 20:29:37.530,96,21,0,0,4,0,0,0,0,0,0,1,1,0,1,0,7,0,0,9,4,4,6,7,2,2,0,7,5,9,7,3,5,7,0,4,4,3,3,1,5,4,0,13,3,1,3,5,6,3,0,5,5,1,1,1,1,3,0,4,0,1,3,4,1,0,0,5,4,10,7,5,1,1,0,8,7,20,16,8,3,0,0,9,15,21,17,10,1,0,0,0,0,2,1,0,0,0,0
11,2025-04-22 20:29:37.542,96,21,0,0,4,0,0,0,0,0,0,1,1,0,1,0,7,0,0,9,4,4,6,7,2,2,0,7,5,9,7,3,5,7,0,4,4,3,3,1,5,4,0,13,3,1,3,5,6,3,0,5,5,1,1,1,1,3,0,4,0,1,3,4,1,0,0,5,4,10,7,5,1,1,0,8,7,20,16,8,3,0,0,9,15,21,17,10,1,0,0,0,0,2,1,0,0,0,0
12,2025-04-22 20:29:37.563,96,22,0,0,4,0,0,0,0,0,0,1,1,0,1,0,7,0,0,9,4,4,6,7,2,2,0,7,5,9,7,3,5,7,0,4,4,3,3,1,5,4,0,13,3,1,3,5,6,3,0,5,5,1,1,1,1,3,0,4,0,1,3,4,1,0,0,6,4,11,7,6,1,1,0,8,7,20,16,8,3,0,0,9,15,22,18,10,1,0,0,1,0,4,1,0,0,0,0
13,2025-04-22 20:29:37.572,96,22,0,0,4,0,0,0,0,0,0,1,1,0,1,0,7,0,0,9,4,4,6,7,2,2,0,7,5,9,7,3,5,7,0,4,4,3,3,1,5,4,0,13,3,1,3,5,6,3,0,5,5,1,1,1,1,3,0,4,1,1,4,5,1,0,0,7,4,12,8,6,1,1,0,9,7,21,17,9,3,0,0,10,16,22,18,10,1,0,0,1,0,5,2,0,0,0,0
14,2025-04-22 20:29:37.583,96,22,0,0,4,0,0,0,0,0,0,1,1,0,1,0,7,0,0,9,4,4,6,7,2,2,0,7,5,9,7,3,5,7,0,4,4,3,3,1,5,4,0,13,3,1,3,5,6,3,0,5,5,1,1,1,1,3,0,4,1,1,4,5,1,0,0,7,4,12,9,6,1,1,0,9,7,21,18,9,3,1,0,10,16,22,19,10,1,0,0,1,0,5,2,0,0,0,0
15,2025-04-22 20:29:37.593,96,23,0,0,4,0,0,0,0,0,0,1,1,1,1,0,7,0,0,9,4,4,6,7,2,2,0,7,5,9,7,3,5,7,0,4,4,3,3,1,5,4,0,13,3,1,3,5,6,3,0,5,5,1,1,1,1,3,0,5,1,1,5,5,1,0,0,8,5,13,9,7,1,1,0,10,8,22,18,9,3,1,0,10,17,23,19,11,1,0,0,1,0,6,3,0,0,0,0
16,2025-04-22 20:29:37.604,96,23,0,0,4,0,0,0,0,0,0,1,1,1,1,0,7,0,0,9,4,4,6,7,2,2,0,7,5,9,7,3,5,7,0,4,4,3,3,1,5,4,0,13,3,1,3,5,6,3,0,5,5,1,1,1,1,3,0,6,1,1,5,5,1,0,0,8,5,13,9,7,1,1,0,10,9,22,19,9,3,1,0,10,17,23,20,11,1,0,0,1,0,6,3,0,0,0,0
17,2025-04-22 20:29:37.616,96,23,0,0,4,0,0,0,0,0,0,1,1,1,1,0,7,0,0,9,4,4,6,7,2,2,0,7,5,9,7,3,5,7,0,4,4,3,3,1,5,4,0,13,3,1,3,5,6,3,0,5,5,1,1,1,1,3,0,6,1,1,5,5,1,0,0,8,5,13,9,7,1,1,0,10,9,22,19,9,3,1,0,11,17,23,20,11,1,0,0,1,0,6,3,0,0,0,0
18,2025-04-22 20:29:37.626,96,23,0,0,4,0,0,0,0,0,0,1,1,1,1,0,7,0,0,9,4,4,6,7,2,2,0,7,5,9,7,3,5,7,0,4,4,3,3,1,5,4,0,13,3,1,3,5,6,3,0,5,5,1,1,1,1,3,0,6,1,1,5,5,1,0,0,8,5,13,9,7,1,1,0,10,9,22,19,9,4,1,0,11,17,23,20,11,1,0,0,1,0,6,3,0,0,0,0
19,2025-04-22 20:29:37.637,96,23,0,0,4,0,0,0,0,0,0,1,1,1,1,0,7,0,0,9,4,4,6,7,2,2,0,7,5,9,7,3,5,7,0,4,4,3,3,1,5,4,0,13,3,1,3,5,6,3,0,5,5,1,1,1,1,3,0,6,1,1,5,5,1,0,0,8,5,13,9,7,1,1,0,10,9,22,19,9,4,1,0,11,17,23,20,11,1,0,0,1,0,6,3,0,0,0,0
20,2025-04-22 20:29:37.647,96,24,0,0,4,0,0,0,0,0,0,1,1,1,1,0,7,0,0,9,4,4,6,7,2,2,0,7,5,9,7,3,5,7,0,4,4,3,3,1,5,4,0,13,3,1,3,5,6,3,0,5,5,1,1,1,1,3,0,6,0,1,5,5,1,0,0,8,5,13,9,7,1,1,0,10,9,22,19,9,4,1,0,11,18,24,20,12,1,0,0,1,0,7,3,1,0,0,0
21,2025-04-22 20:29:37.659,96,24,0,0,4,0,0,0,0,0,0,1,1,1,1,0,7,0,0,9,4,4,6,7,2,2,0,7,5,9,7,3,5,7,0,4,4,3,3,1,5,4,0,13,3,1,3,5,6,3,0,5,5,1,1,1,1,3,0,6,0,1,5,5,1,0,0,8,5,13,9,7,1,1,0,10,9,22,19,9,4,1,0,11,18,24,20,12,1,0,0,1,0,7,3,1,1,0,0
22,2025-04-22 20:29:37.668,96,24,0,0,4,0,0,0,0,0,0,1,1,1,1,0,7,0,0,9,4,4,6,7,2,2,0,7,5,9,7,3,5,7,0,4,4,3,3,1,5,4,0,13,3,1,3,5,6,3,0,5,5,1,1,1,1,3,0,5,0,1,5,5,1,0,0,8,5,13,9,7,1,1,0,10,9,22,19,9,4,1,0,11,18,24,20,12,2,0,0,1,1,8,4,1,1,0,0
23,2025-04-22 20:29:37.679,96,24,0,0,4,0,0,0,0,0,0,1,1,1,1,0,7,0,0,9,4,4,6,7,2,2,0,7,5,9,7,3,5,7,0,4,4,3,3,1,5,4,0,13,3,1,3,5,6,3,0,5,5,1,1,1,1,3,0,5,0,1,5,5,1,0,0,8,5,13,9,7,1,1,0,10,9,22,19,9,4,1,0,11,18,24,21,13,3,0,0,1,1,8,4,1,1,0,0
24,2025-04-22 20:29:37.691,96,24,0,0,4,0,0,0,0,0,0,1,1,1,1,0,7,0,0,9,4,4,6,7,2,2,0,7,5,9,7,3,5,7,0,4,4,3,3,1,5,4,0,13,3,1,3,5,6,3,0,5,5,1,1,1,1,3,0,5,0,1,5,5,1,0,0,8,5,13,9,7,1,1,0,10,9,22,19,9,4,1,0,11,18,24,21,13,4,0,0,1,1,9,5,1,1,0,0
25,2025-04-22 20:29:37.700,96,24,0,0,4,0,0,0,0,0,0,1,1,0,1,0,7,0,0,9,4,4,6,7,2,2,0,7,5,9,7,3,5,7,0,4,4,3,3,1,5,4,0,13,3,1,3,5,6,3,0,5,5,1,1,1,1,3,0,5,0,1,5,5,1,0,0,8,5,13,9,7,1,1,0,10,9,22,19,10,4,1,0,11,18,24,22,13,5,0,0,1,1,9,5,1,1,0,0
26,2025-04-22 20:29:37.722,96,25,0,0,4,0,0,0,0,0,0,1,1,1,1,0,7,0,0,9,4,4,6,7,2,2,0,7,5,9,7,3,5,7,0,4,4,3,3,1,5,4,0,13,3,1,3,5,6,3,0,5,5,1,1,1,1,3,0,5,0,1,5,5,1,0,0,8,5,13,9,7,1,1,0,10,9,23,19,11,4,1,0,11,18,25,22,14,6,1,0,1,1,9,5,1,1,0,0
27,2025-04-22 20:29:37.733,96,25,0,0,4,0,0,0,0,0,0,1,1,1,1,0,7,0,0,9,4,4,6,7,2,2,0,7,5,9,7,3,5,7,0,4,4,3,3,1,5,4,0,13,3,1,3,5,6,3,0,5,5,1,1,1,1,3,0,5,0,1,5,5,1,0,0,8,5,13,9,7,1,1,0,10,9,24,20,13,5,1,0,11,18,25,22,15,7,1,0,1,1,10,5,2,1,0,0
28,2025-04-22 20:29:37.745,96,25,0,0,4,0,0,0,0,0,0,1,1,0,1,0,7,0,0,9,4,4,6,7,2,2,0,7,5,9,7,3,5,7,0,4,4,3,3,1,5,4,0,13,3,1,3,5,6,3,0,5,5,1,1,1,1,3,0,5,0,1,5,5,1,0,0,8,5,13,9,7,1,1,0,10,9,24,20,13,5,1,0,11,19,25,23,15,8,1,0,1,1,10,5,2,1,0,0
29,2025-04-22 20:29:37.755,96,26,0,0,4,0,0,0,0,0,0,1,1,1,1,0,7,0,0,9,4,4,6,7,2,2,0,7,5,9,7,3,5,7,0,4,4,3,3,1,5,4,0,13,3,1,3,5,6,3,0,5,5,1,1,1,1,3,0,5,0,1,5,5,1,0,0,8,5,13,9,7,1,1,0,10,9,25,21,14,6,1,0,11,19,26,23,16,9,1,0,1,1,11,6,3,1,0,0
30,2025-04-22 20:29:37.767,96,26,0,0,4,0,0,0,0,0,0,1,1,1,1,0,7,0,0,9,4,4,6,7,2,2,0,7,5,9,7,3,5,7,0,4,4,3,3,1,5,4,0,13,3,1,3,5,6,3,0,5,5,1,1,1,1,3,0,5,0,1,5,5,1,0,0,8,5,13,9,8,1,1,0,10,9,25,22,15,6,1,0,11,19,26,24,17,10,1,0,1,1,11,6,3,1,0,0
31,2025-04-22 20:29:37.778,96,26,0,0,4,0,0,0,0,0,0,1,1,1,1,0,7,0,0,9,4,4,6,7,2,2,0,7,5,9,7,3,5,7,0,4,4,3,3,1,5,4,0,13,3,1,3,5,6,3,0,5,5,1,1,1,1,3,0,5,0,1,5,5,1,0,0,8,5,13,10,8,1,1,0,11,10,25,22,16,6,1,0,11,19,26,24,17,10,1,0,1,1,12,6,3,1,0,0
32,2025-04-22 20:29:37.787,96,27,0,0,4,0,0,0,0,0,0,1,1,1,1,0,7,0,0,9,4,4,6,7,2,2,0,7,5,9,7,3,5,7,0,4,4,3,3,1,5,4,0,13,3,1,3,5,6,3,0,5,5,1,1,1,1,3,0,5,0,1,5,6,1,0,0,8,5,14,10,9,1,1,0,11,11,25,23,16,7,1,0,12,20,27,25,18,11,1,0,1,1,12,7,3,1,0,0
33,2025-04-22 20:29:37.797,96,27,0,0,4,0,0,0,0,0,0,1,1,1,1,0,7,0,0,9,4,4,6,7,2,2,0,7,5,9,7,3,5,7,0,4,4,3,3,1,5,4,0,13,3,1,3,5,6,3,0,5,5,1,1,1,1,3,0,5,0,1,5,6,1,0,0,8,5,14,11,9,2,2,0,11,11,25,23,17,7,1,0,12,20,27,25,18,11,1,0,1,1,13,8,3,1,0,0
34,2025-04-22 20:29:37.808,96,27,0,0,4,0,0,0,0,0,0,1,1,1,1,0,7,0,0,9,4,4,6,7,2,2,0,7,5,9,7,3,5,7,0,4,4,3,3,1,5,4,0,13,3,1,3,5,6,3,0,5,5,1,1,1,1,3,0,5,1,1,5,6,1,0,0,8,5,14,11,10,2,2,0,12,12,26,24,17,7,1,0,12,20,27,26,19,12,1,0,1,1,13,9,3,1,0,0
35,2025-04-22 20:29:37.818,96,28,0,0,4,0,0,0,0,0,0,1,1,1,1,0,7,0,0,9,4,4,6,7,2,2,0,7,5,9,7,3,5,7,0,4,4,3,3,1,5,4,0,13,3,1,3,5,6,3,0,5,5,1,1,1,1,3,0,5,1,1,5,7,1,0,0,8,5,14,12,10,2,2,0,12,12,26,24,18,8,1,0,12,21,28,26,19,13,1,0,1,1,13,10,3,1,0,0
36,2025-04-22 20:29:37.829,96,28,0,0,4,0,0,0,0,0,0,1,1,1,1,0,7,0,0,9,4,4,6,7,2,2,0,7,5,9,7,3,5,7,0,4,4,3,3,1,5,4,0,13,3,1,3,5,6,3,0,5,5,1,1,1,1,3,0,5,1,1,5,7,1,0,0,8,5,15,12,10,2,2,0,12,12,26,25,18,8,1,0,12,21,28,27,19,13,1,0,1,1,14,10,4,2,0,0
37,2025-04-22 20:29:37.839,96,28,0,0,4,0,0,0,0,0,0,1,1,1,1,0,7,0,0,9,4,4,6,7,2,2,0,7,5,9,7,3,5,7,0,4,4,3,3,1,5,4,0,13,3,1,3,5,6,3,0,5,5,1,1,1,1,3,0,5,1,1,6,7,1,0,0,9,6,15,14,11,2,2,0,13,13,27,26,18,8,1,0,13,22,28,27,20,14,1,0,1,1,14,10,4,2,0,0
38,2025-04-22 20:29:37.850,96,29,0,0,4,0,0,0,0,0,0,1,1,1,1,0,7,0,0,9,4,4,6,7,2,2,0,7,5,9,7,3,5,7,0,4,4,3,3,1,5,4,0,13,3,1,3,5,6,3,0,5,5,1,1,1,1,3,0,7,1,1,6,8,1,0,0,10,7,16,15,13,2,2,0,14,13,27,26,19,8,1,0,14,22,29,27,20,14,1,0,1,1,14,10,4,2,0,0
39,2025-04-22 20:29:37.860,96,29,0,0,4,0,0,0,0,0,0,1,1,1,1,0,7,0,0,9,4,4,6,7,2,2,0,7,5,9,7,3,5,7,0,4,4,3,3,1,5,4,0,13,3,1,3,5,6,3,0,5,5,1,1,1,1,3,0,7,1,1,6,8,1,0,0,10,8,17,15,14,2,2,0,14,14,27,26,19,9,1,0,15,23,29,28,20,15,1,0,1,1,15,11,4,3,0,0
40,2025-04-22 20:29:37.872,96,30,0,0,4,0,0,0,0,0,0,1,1,1,1,0,7,0,0,9,4,4,6,7,2,2,0,7,5,9,7,3,5,7,0,4,4,3,3,1,5,4,0,13,3,1,3,5,6,3,0,5,5,1,1,1,1,3,0,8,1,1,7,8,1,0,0,10,8,18,16,16,2,3,0,15,14,28,27,19,10,1,0,15,23,30,29,21,15,1,0,1,2,15,11,4,3,0,0
41,2025-04-22 20:29:37.893,96,30,0,0,4,0,0,0,0,0,0,1,1,1,1,0,7,0,0,9,4,4,6,7,2,2,0,7,5,9,7,3,5,7,0,4,4,3,3,1,5,4,0,13,3,1,3,5,6,3,0,5,5,1,1,1,1,3,0,8,1,1,8,8,1,0,0,11,9,19,16,17,3,3,0,15,14,28,27,20,11,1,0,16,23,30,29,21,15,1,0,1,2,15,11,4,3,0,0
42,2025-04-22 20:29:37.904,96,30,0,0,4,0,0,0,0,0,0,1,1,1,1,0,7,0,0,9,4,4,6,7,2,2,0,7,5,9,7,3,5,7,0,4,4,3,3,1,5,4,0,13,3,1,3,5,6,3,0,5,5,1,1,1,1,3,0,8,1,1,8,8,1,0,0,11,9,20,17,18,3,3,0,16,14,28,28,20,12,1,0,16,23,30,30,22,16,2,0,1,2,15,11,5,4,0,0
43,2025-04-22 20:29:37.915,96,30,0,0,4,0,0,0,0,0,0,1,1,1,1,0,7,0,0,9,4,4,6,7,2,2,0,7,5,9,7,3,5,7,0,4,4,3,3,1,5,4,0,13,3,1,3,5,6,3,0,5,5,1,1,1,1,3,0,8,1,1,9,9,1,0,0,11,9,20,18,18,3,3,0,16,14,29,28,20,12,1,0,16,24,30,30,22,16,2,0,1,2,16,11,5,4,0,0
44,2025-04-22 20:29:37.926,96,31,0,0,4,0,0,0,0,0,0,1,1,1,1,0,7,0,0,9,4,4,6,7,2,2,0,7,5,9,7,3,5,7,0,4,4,3,3,1,5,4,0,13,3,1,3,5,6,3,0,5,5,1,1,1,1,3,0,8,1,1,9,9,1,0,0,11,10,20,18,18,3,3,0,16,14,29,28,20,13,1,1,16,24,31,31,22,17,2,0,1,2,16,12,5,4,0,0
45,2025-04-22 20:29:37.935,96,31,0,0,4,0,0,0,0,0,0,1,1,1,1,0,7,0,0,9,4,4,6,7,2,2,0,7,5,9,7,3,5,7,0,4,4,3,3,1,5,4,0,13,3,1,3,5,6,3,0,5,5,1,1,1,1,3,0,8,1,2,9,9,1,0,0,11,10,21,18,18,3,3,0,16,15,29,28,20,14,1,1,16,25,31,31,22,17,2,0,1,2,16,13,5,4,1,0
46,2025-04-22 20:29:37.946,96,31,0,0,4,0,0,0,0,0,0,1,1,1,1,0,7,0,0,9,4,4,6,7,2,2,0,7,5,9,7,3,5,7,0,4,4,3,3,1,5,4,0,13,3,1,3,5,6,3,0,5,5,1,1,1,1,3,0,8,1,2,9,9,1,0,0,11,10,21,18,18,3,3,0,17,15,29,29,20,14,1,1,16,25,31,31,23,17,2,0,1,2,17,13,5,4,1,0
47,2025-04-22 20:29:37.957,96,32,0,0,4,0,0,0,0,0,0,1,1,1,1,0,7,0,0,9,4,4,6,7,2,2,0,7,5,9,7,3,5,7,0,4,4,3,3,1,5,4,0,13,3,1,3,5,6,3,0,5,5,1,1,1,1,3,0,8,1,2,9,9,1,0,0,11,10,21,18,18,3,3,0,18,15,29,29,20,14,1,1,17,26,32,32,23,17,2,0,1,2,17,13,5,4,1,0
48,2025-04-22 20:29:37.967,96,32,0,0,4,0,0,0,0,0,0,1,1,1,1,0,7,0,0,9,4,4,6,7,2,2,0,7,5,9,7,3,5,7,0,4,4,3,3,1,5,4,0,13,3,1,3,5,6,3,0,5,5,1,1,1,1,3,0,8,1,2,9,9,1,0,0,11,10,21,18,18,3,3,0,18,15,29,29,20,14,1,1,17,26,32,32,23,17,2,0,1,2,17,13,5,4,1,0
49,2025-04-22 20:29:37.979,96,32,0,0,4,0,0,0,0,0,0,1,1,1,1,0,7,0,0,9,4,4,6,7,2,2,0,7,5,9,7,3,5,7,0,4,4,3,3,1,5,4,0,13,3,1,3,5,6,3,0,5,5,1,1,1,1,3,0,8,1,2,9,9,1,0,0,12,11,21,18,18,3,3,0,19,15,30,29,21,14,1,1,18,27,32,32,24,18,2,0,1,2,18,13,5,4,1,0
50,2025-04-22 20:29:37.989,96,33,0,0,4,0,0,0,0,0,0,1,1,1,1,0,7,0,0,9,4,4,6,7,2,2,0,7,5,9,7,3,5,7,0,4,4,3,3,1,5,4,0,13,3,1,3,5,6,3,0,5,5,1,1,1,1,3,0,9,1,2,9,9,1,0,0,13,11,22,19,19,3,3,0,20,15,30,30,21,16,1,1,19,27,32,33,24,18,2,0,1,3,19,13,6,5,1,0
51,2025-04-22 20:29:38.000,96,33,0,0,4,0,0,0,0,0,0,1,1,1,1,0,7,0,0,9,4,4,6,7,2,2,0,7,5,9,7,3,5,7,0,4,4,3,3,1,5,4,0,13,3,1,3,5,6,3,0,5,5,1,1,1,1,3,0,9,1,2,9,9,1,0,0,13,12,22,19,19,4,4,0,20,15,31,30,21,16,1,1,20,28,33,33,25,19,3,0,1,4,19,14,6,5,1,0
52,2025-04-22 20:29:38.009,96,34,0,0,4,0,0,0,0,0,0,1,1,1,1,0,7,0,0,9,4,4,6,7,2,2,0,7,5,9,7,3,5,7,0,4,4,3,3,1,5,4,0,13,3,1,3,5,6,3,0,6,5,1,1,1,1,3,0,11,1,2,10,9,1,0,0,14,13,23,19,20,5,4,0,21,16,32,31,21,17,2,1,21,28,33,34,26,20,5,1,1,5,20,14,6,5,1,0
53,2025-04-22 20:29:38.020,96,34,0,0,4,0,0,0,0,0,0,1,1,1,1,0,7,0,0,9,4,4,6,7,2,2,0,7,5,9,7,3,5,7,0,4,4,3,3,1,5,4,0,13,3,1,3,5,6,3,0,6,5,1,1,1,1,3,0,11,2,2,10,10,1,0,0,14,13,24,20,21,6,4,0,21,16,32,32,22,18,3,1,21,29,34,34,27,21,5,1,1,5,20,14,6,5,1,0
54,2025-04-22 20:29:38.030,96,36,0,0,4,0,0,0,0,0,0,1,1,1,1,0,7,0,0,9,4,4,6,7,2,2,0,7,5,9,7,3,5,7,0,4,4,3,3,1,5,4,0,13,3,1,3,5,6,3,0,6,5,1,1,2,1,3,0,12,2,3,11,11,1,0,0,14,15,26,21,23,7,4,0,22,16,33,33,23,19,4,1,22,29,35,36,28,22,7,1,1,5,20,15,6,6,1,0
55,2025-04-22 20:29:38.050,96,37,0,0,4,0,0,0,0,0,0,1,1,1,1,0,7,0,0,9,4,4,6,7,2,2,0,7,5,9,7,3,5,7,0,4,4,3,3,1,5,4,0,13,3,1,3,5,6,3,0,6,6,1,1,2,1,3,0,12,2,3,13,12,1,1,0,15,16,28,23,25,8,5,0,22,17,33,34,23,19,5,1,22,30,35,37,29,22,7,1,1,5,21,15,6,6,1,0
56,2025-04-22 20:29:38.061,96,38,0,0,4,0,0,0,0,0,0,1,1,1,1,0,7,0,0,9,4,4,6,7,2,2,0,7,5,9,7,3,5,7,0,4,4,3,3,1,5,4,0,13,3,1,3,5,6,3,0,6,6,1,1,2,1,3,0,12,2,4,14,12,1,1,0,16,17,29,24,25,9,5,0,23,18,34,35,24,21,6,1,23,31,37,38,30,24,9,1,1,6,21,16,6,6,1,0
57,2025-04-22 20:29:38.073,96,40,0,0,4,0,0,0,0,0,0,1,1,1,1,0,7,0,0,9,4,4,6,7,2,2,0,7,5,9,7,3,5,7,0,4,4,3,3,1,5,4,0,13,3,1,3,5,6,3,0,7,6,1,1,2,1,3,0,14,2,5,16,13,1,1,0,17,19,31,26,27,11,7,0,24,19,36,37,26,23,8,1,25,33,39,40,32,25,11,1,1,8,22,16,7,6,1,0
58,2025-04-22 20:29:38.083,96,41,0,0,4,0,0,0,0,0,0,1,1,1,1,0,7,0,0,9,4,4,6,7,2,2,0,7,5,9,7,3,5,7,0,4,4,3,3,1,5,4,0,13,3,1,3,5,6,3,0,7,7,1,1,2,1,3,0,15,3,6,17,14,1,1,0,18,20,32,27,28,12,8,0,24,19,37,38,27,24,9,1,25,33,40,41,33,26,12,1,1,9,23,17,7,7,1,0
59,2025-04-22 20:29:38.092,96,43,0,0,4,0,0,0,0,0,0,1,1,1,1,0,7,0,0,9,4,4,6,7,2,2,0,7,5,9,7,3,5,7,0,4,4,3,3,1,5,4,0,13,3,1,3,5,6,3,0,7,8,1,1,3,1,3,0,16,4,8,19,14,1,1,0,19,22,34,29,28,14,10,0,25,20,38,40,28,26,10,2,26,34,42,43,35,27,14,1,1,10,24,18,9,7,1,0
60,2025-04-22 20:29:38.103,96,43,0,0,4,0,0,0,0,0,0,1,1,0,1,0,7,0,0,9,4,4,6,7,2,2,0,7,5,9,7,3,5,7,0,4,4,3,3,1,5,4,0,13,3,1,3,5,6,3,0,7,8,2,1,4,1,3,0,16,4,9,20,15,1,1,0,20,23,35,30,29,15,10,0,26,21,38,41,29,26,11,2,26,35,43,43,36,27,14,1,1,11,24,18,9,7,1,0
61,2025-04-22 20:29:38.113,96,44,0,0,4,0,0,0,0,0,0,1,1,0,1,0,7,0,0,9,4,4,6,7,2,2,0,7,5,9,7,3,5,7,0,4,4,3,3,1,5,4,0,13,3,1,3,5,6,3,0,7,8,4,2,5,1,3,0,17,6,11,22,15,2,1,0,20,25,36,32,30,17,10,0,27,22,39,42,31,27,13,4,27,36,43,44,37,28,15,1,1,12,25,20,10,8,1,0
62,2025-04-22 20:29:38.124,96,45,0,0,4,0,0,0,0,0,0,1,1,0,1,0,7,0,0,9,4,4,6,7,2,2,0,7,5,9,7,3,5,7,0,4,4,3,3,1,5,4,0,13,3,1,3,5,6,3,0,7,8,4,2,5,1,3,0,17,7,11,23,16,2,1,0,20,26,36,33,30,18,11,0,27,22,39,43,31,27,14,4,27,36,44,45,37,28,16,1,1,13,25,20,11,8,1,0
63,2025-04-22 20:29:38.134,96,46,0,0,4,0,0,0,0,0,0,1,1,0,1,0,7,0,0,9,4,4,6,7,2,2,0,7,5,9,7,3,5,7,0,4,4,3,3,1,5,4,0,13,3,1,3,5,6,3,0,7,9,5,3,6,1,3,0,18,9,12,25,16,3,1,0,20,27,38,34,31,20,11,0,28,23,40,43,33,28,15,6,29,37,45,46,38,29,16,1,1,14,27,21,11,9,1,0
64,2025-04-22 20:29:38.145,96,47,0,0,4,0,0,0,0,0,0,1,1,1,1,0,7,0,0,9,4,4,6,7,2,2,0,7,5,9,7,3,5,7,0,4,4,3,3,1,5,4,0,13,3,1,3,5,6,3,0,7,9,6,4,6,1,3,0,18,10,13,26,17,3,1,0,21,28,39,35,32,20,11,0,28,24,41,44,33,29,16,6,29,37,46,47,38,29,17,1,1,15,27,21,12,9,1,0
65,2025-04-22 20:29:38.166,96,48,0,0,4,0,0,0,0,0,0,1,1,1,1,0,7,0,0,9,4,4,6,7,2,2,0,7,5,9,7,3,5,7,0,4,4,3,3,1,5,4,0,13,3,1,3,5,6,3,0,7,10,7,5,6,1,3,0,19,12,15,27,17,3,1,0,21,29,40,36,33,21,12,0,29,25,42,45,34,30,17,6,30,38,47,48,40,30,17,1,1,16,28,22,13,10,1,0
66,2025-04-22 20:29:38.176,96,49,0,0,4,0,0,0,0,0,0,1,1,1,1,0,7,0,0,9,4,4,6,7,2,2,0,7,5,9,7,3,5,7,0,4,4,3,3,1,5,4,0,13,3,1,3,5,6,3,0,7,10,7,5,6,1,3,0,19,13,16,27,17,3,1,0,22,29,41,36,33,22,12,0,29,25,42,46,35,31,17,7,31,39,48,49,41,30,17,1,1,16,28,23,13,11,2,0
67,2025-04-22 20:29:38.186,96,51,0,0,4,0,0,0,0,0,0,1,1,1,1,0,7,0,0,9,4,4,6,7,2,2,0,7,5,9,7,3,5,7,0,4,4,3,3,1,5,4,0,13,3,1,3,5,6,3,0,7,10,8,6,7,1,3,0,20,14,18,28,17,4,1,0,22,30,41,37,35,23,13,0,29,27,43,48,37,31,18,7,31,40,49,51,42,32,18,1,1,17,29,24,14,12,3,0
68,2025-04-22 20:29:38.198,96,51,0,0,4,0,0,0,0,0,0,1,1,1,1,0,7,0,0,9,4,4,6,7,2,2,0,7,5,9,7,3,5,7,0,4,4,3,3,1,5,4,0,13,3,1,3,5,6,3,0,8,10,9,6,7,1,3,0,21,14,18,29,17,5,1,0,23,30,41,38,36,23,13,0,29,27,43,48,38,32,19,7,32,41,49,51,42,32,18,1,1,17,30,24,14,13,4,0
69,2025-04-22 20:29:38.207,96,52,0,0,4,0,0,0,0,0,0,1,1,1,1,0,7,0,0,9,4,4,6,7,2,2,0,7,5,9,7,3,5,7,0,4,4,3,3,1,5,4,0,13,3,1,3,5,6,3,0,8,10,9,6,7,1,3,0,21,15,20,30,18,6,1,0,23,31,42,39,37,24,13,0,30,28,44,49,39,33,20,8,32,43,50,52,43,33,19,1,1,18,30,25,15,14,4,0
70,2025-04-22 20:29:38.218,96,53,0,0,4,0,0,0,0,0,0,1,1,1,1,0,7,0,0,9,4,4,6,7,2,2,0,7,5,9,7,3,5,7,0,4,4,3,3,1,5,4,0,13,3,1,3,5,6,3,0,8,10,9,6,8,1,3,0,22,15,21,31,19,7,1,0,23,31,43,39,37,24,13,0,30,29,44,50,39,34,20,8,33,43,51,53,44,33,19,1,1,18,31,26,16,14,4,0
71,2025-04-22 20:29:38.228,96,55,0,0,4,0,0,0,0,0,0,1,1,1,1,0,7,0,0,9,4,4,6,7,2,2,0,7,5,9,7,3,5,7,0,4,4,3,3,1,5,4,0,13,3,1,3,5,6,3,0,8,11,9,6,8,1,3,0,22,16,23,32,20,7,1,0,23,32,44,41,39,25,14,0,30,30,46,51,41,36,21,9,33,44,52,55,45,34,20,1,1,19,33,27,17,15,5,0
72,2025-04-22 20:29:38.238,96,56,0,0,4,0,0,0,0,0,0,1,1,1,1,0,7,0,0,9,4,4,6,7,2,2,0,7,5,9,7,3,5,7,0,4,4,3,3,1,5,4,0,13,3,1,3,5,6,3,0,9,11,9,6,8,1,3,0,22,17,24,33,21,7,1,0,23,32,45,41,39,25,14,0,30,30,47,51,42,37,21,9,33,45,53,56,45,35,21,1,1,20,34,28,18,15,5,0
73,2025-04-22 20:29:38.250,96,58,0,0,4,0,0,0,0,0,0,1,1,1,1,0,7,0,0,9,4,4,6,7,2,2,0,7,5,9,7,3,5,7,0,4,4,3,3,1,5,4,0,13,3,1,3,5,6,3,0,9,12,10,8,9,1,3,0,22,18,26,33,23,7,1,0,23,33,46,43,40,26,15,1,31,32,48,52,44,39,22,11,33,46,54,58,47,36,22,1,1,21,36,30,19,16,5,0
74,2025-04-22 20:29:38.259,96,59,0,0,4,0,0,0,0,0,0,1,1,1,1,0,7,0,0,9,4,4,6,8,2,2,0,7,5,9,7,3,5,7,0,4,4,3,3,1,5,4,0,13,3,2,3,5,6,3,0,9,13,10,8,9,1,3,0,22,19,26,34,23,8,1,0,24,34,47,44,40,27,15,1,31,33,49,53,44,40,23,12,34,47,55,59,47,36,23,1,1,21,37,31,19,17,6,0
75,2025-04-22 20:29:38.269,96,61,0,0,4,0,0,0,0,0,0,1,1,1,1,0,7,0,0,9,4,4,6,8,2,2,0,7,5,9,7,3,5,7,0,4,4,3,3,1,5,4,0,13,3,2,3,5,6,3,0,9,14,11,10,10,1,3,0,22,20,28,35,24,9,1,0,24,35,48,45,40,27,17,1,31,35,50,54,46,41,23,13,34,49,56,61,48,38,23,2,1,22,38,32,20,18,6,0
76,2025-04-22 20:29:38.292,96,61,0,0,4,0,0,0,0,0,0,1,1,1,1,0,7,0,0,9,4,4,6,8,2,2,0,7,5,9,7,3,5,7,0,4,4,3,3,1,5,4,0,13,3,2,3,5,6,3,0,9,15,11,10,10,1,3,0,23,20,28,36,25,10,1,0,25,35,48,46,41,28,17,1,31,36,50,55,46,41,24,14,34,50,57,61,48,38,24,2,1,23,39,33,20,19,7,0
77,2025-04-22 20:29:38.302,96,62,0,0,4,0,0,0,0,0,0,1,1,1,1,0,7,0,0,9,4,4,6,8,2,2,0,7,5,9,7,3,5,7,0,4,4,3,3,1,5,4,0,13,3,3,3,5,6,3,0,9,16,12,11,10,1,3,0,23,21,29,37,26,10,1,0,25,36,49,47,41,29,18,1,32,38,52,56,47,43,25,15,35,51,58,62,49,39,24,2,1,25,40,34,21,20,7,0
78,2025-04-22 20:29:38.313,96,63,0,0,4,0,0,0,0,0,0,1,1,1,1,0,7,0,0,9,4,4,7,8,2,2,0,7,5,9,7,3,5,7,0,4,4,3,3,1,5,4,0,13,3,3,3,5,6,3,0,9,16,12,11,10,1,3,0,24,21,29,37,27,11,1,0,25,36,49,48,41,29,19,1,32,38,52,56,47,43,26,15,35,51,59,63,50,39,24,3,1,26,41,35,21,21,7,0
79,2025-04-22 20:29:38.322,96,63,0,0,4,0,0,0,0,0,0,1,1,1,1,0,7,0,0,9,4,4,7,8,2,2,0,7,5,9,7,3,5,7,0,4,4,3,3,1,5,4,0,13,3,3,3,5,6,3,0,9,17,12,11,10,1,3,0,24,21,29,38,28,13,1,0,25,37,50,49,42,30,20,1,33,39,53,57,48,45,27,16,36,52,60,63,51,40,25,3,1,27,42,37,21,22,8,0
80,2025-04-22 20:29:38.333,96,64,0,0,4,0,0,0,0,0,0,1,1,1,1,0,7,0,0,9,4,4,7,8,2,2,0,7,5,9,7,3,5,7,0,4,4,3,3,1,5,4,0,13,3,3,3,5,6,3,0,9,18,12,11,10,1,3,0,24,21,29,38,28,13,1,0,26,37,50,49,42,30,20,1,33,39,54,57,49,46,27,17,36,52,61,64,51,41,25,3,1,28,43,37,22,22,8,0
81,2025-04-22 20:29:38.345,96,64,0,0,4,0,0,0,0,0,0,1,1,1,1,0,7,0,0,9,4,4,7,8,2,2,0,7,5,9,7,3,5,7,0,4,4,3,3,1,5,4,0,13,3,3,3,5,6,3,0,9,18,13,11,10,2,3,0,24,21,30,38,29,14,2,0,26,38,51,50,43,31,21,1,34,40,55,58,50,47,27,17,37,53,62,64,52,42,26,3,1,29,43,38,22,23,8,0
82,2025-04-22 20:29:38.355,96,65,0,0,4,0,0,0,0,0,0,1,1,1,1,0,7,0,0,9,4,4,7,8,2,2,0,7,5,9,7,4,5,7,0,4,4,3,3,1,5,4,0,13,3,3,3,5,6,3,0,9,19,13,11,10,2,3,0,24,22,30,38,29,14,2,0,26,38,51,50,43,31,22,1,34,41,56,58,50,47,28,18,38,54,62,65,53,42,26,3,1,30,44,39,22,24,8,0
83,2025-04-22 20:29:38.366,96,66,0,0,5,0,0,0,0,0,0,1,1,1,1,0,7,0,0,9,4,4,7,8,3,2,0,7,5,9,7,4,5,7,0,4,4,3,3,1,5,4,0,14,3,3,3,5,6,3,0,9,19,13,12,11,2,3,0,25,22,31,39,30,15,2,0,27,39,52,50,44,32,22,1,34,42,57,59,52,48,30,19,40,55,64,66,54,43,27,4,1,32,45,41,23,25,9,0
84,2025-04-22 20:29:38.377,96,66,0,0,5,0,0,0,0,0,0,1,1,0,1,0,7,0,0,9,4,4,7,8,3,2,0,7,5,9,7,4,5,7,0,4,4,3,3,1,5,4,0,14,3,3,3,5,6,3,0,9,19,13,12,11,2,3,0,25,22,32,40,31,15,3,0,27,39,52,50,44,33,23,2,35,43,58,59,53,49,30,19,41,56,65,66,55,44,27,4,1,32,46,41,24,26,10,0
85,2025-04-22 20:29:38.388,96,67,0,0,5,0,0,0,0,0,0,1,1,0,1,0,7,0,0,9,4,4,7,8,3,2,0,7,5,9,7,5,5,7,0,4,4,3,3,1,6,5,0,14,3,3,3,5,6,3,0,9,19,13,12,12,2,3,0,25,22,32,40,31,16,3,0,28,40,53,51,45,34,24,3,35,43,59,61,54,50,31,20,42,57,66,67,56,46,28,5,1,33,47,43,26,27,11,0
86,2025-04-22 20:29:38.398,96,68,0,0,5,0,0,0,0,0,0,1,1,1,1,0,7,0,0,9,4,4,7,8,3,2,0,7,5,9,7,5,5,7,0,4,4,3,3,1,6,5,0,14,3,3,3,5,6,3,0,9,19,13,12,12,2,3,0,25,22,32,41,32,17,4,0,28,40,53,52,46,34,24,4,35,44,59,61,55,50,32,20,43,58,66,68,57,47,29,5,1,33,47,43,27,28,11,0
87,2025-04-22 20:29:38.407,96,69,0,0,5,0,0,0,0,0,0,1,1,1,1,0,8,0,0,9,4,4,7,8,3,2,0,7,5,9,7,5,5,7,0,4,4,3,3,1,6,5,0,14,3,3,3,5,6,3,0,9,19,13,12,12,2,3,0,25,22,32,41,32,17,5,0,28,41,54,53,46,35,25,4,36,44,61,62,56,51,32,21,44,59,67,69,58,49,29,6,1,34,49,45,29,29,12,0
88,2025-04-22 20:29:38.419,96,70,0,0,5,0,0,0,0,0,0,1,1,1,1,0,8,0,0,9,4,4,7,8,3,2,0,7,5,9,7,5,5,7,0,4,4,3,3,1,7,5,0,14,3,3,3,5,6,3,0,9,19,13,12,12,2,3,0,25,22,32,41,33,18,5,0,28,41,54,54,47,36,26,5,36,45,61,63,56,52,33,21,44,59,68,70,59,50,30,6,1,34,49,46,30,29,12,0
89,2025-04-22 20:29:38.430,96,71,0,0,5,0,0,0,0,0,0,1,1,1,1,0,8,0,0,9,4,4,7,8,3,2,0,7,5,9,7,5,5,7,0,4,4,3,3,1,7,5,0,14,3,3,3,5,6,3,0,9,19,13,12,12,2,3,0,25,22,32,41,33,18,5,0,28,41,54,54,47,37,27,5,36,45,62,63,57,52,34,22,45,60,68,71,60,51,31,7,1,35,50,47,32,30,13,0
90,2025-04-22 20:29:38.440,96,72,0,0,5,0,0,0,0,0,0,1,1,1,1,0,8,0,0,9,4,4,7,9,3,2,0,7,5,9,7,5,5,7,0,4,4,3,3,1,7,5,0,14,3,3,3,5,6,3,0,9,19,13,12,12,2,3,0,25,22,32,41,33,18,5,0,28,41,54,54,48,37,28,5,36,45,62,64,58,52,34,22,45,60,69,72,61,52,32,7,1,36,51,48,33,31,13,0
91,2025-04-22 20:29:38.460,96,73,0,0,5,0,0,0,0,0,0,1,1,1,1,0,8,0,0,9,4,4,7,9,3,2,0,7,5,9,7,5,5,8,0,4,4,3,3,1,7,5,0,14,3,3,3,5,6,3,0,9,17,12,12,12,2,3,0,25,21,29,40,33,18,5,0,28,41,54,54,48,38,28,6,36,45,63,64,58,53,36,23,45,60,70,73,63,53,33,7,1,37,52,49,34,33,14,0
92,2025-04-22 20:29:38.470,96,73,0,0,5,0,0,0,0,0,0,1,1,1,1,0,8,0,0,9,4,4,7,9,3,2,0,7,5,10,7,5,5,8,0,4,4,3,3,1,7,5,0,14,3,3,3,5,6,3,0,9,16,11,11,12,2,3,0,25,20,27,39,33,18,5,0,28,41,54,54,48,38,28,6,36,45,63,64,58,53,36,23,45,60,70,73,63,53,34,7,1,37,53,49,35,33,14,0
93,2025-04-22 20:29:38.481,96,74,0,0,5,0,0,0,0,0,0,1,1,1,1,0,9,0,0,9,4,4,7,9,3,2,0,7,5,10,7,5,5,8,0,4,4,3,3,1,7,5,0,14,3,3,3,5,6,3,0,9,14,10,9,12,2,3,0,23,17,23,37,33,18,5,0,28,40,54,54,48,38,28,6,36,45,63,64,58,53,37,23,45,60,70,74,64,54,34,7,1,37,53,50,36,34,14,0
94,2025-04-22 20:29:38.492,96,74,0,0,5,0,0,0,0,0,0,1,1,1,1,0,9,0,0,9,4,4,7,9,3,2,0,7,5,10,8,5,5,8,0,4,4,3,3,1,7,5,0,14,3,3,3,5,6,3,0,9,13,9,8,12,2,3,0,22,15,21,36,33,18,5,0,27,39,54,54,48,38,28,6,36,45,63,64,58,53,37,23,45,60,70,74,64,54,35,7,1,37,53,50,37,34,14,0
95,2025-04-22 20:29:38.502,96,74,0,0,5,0,0,0,0,0,0,1,1,1,1,0,9,0,0,9,4,4,7,9,4,2,0,7,5,10,8,5,5,8,0,4,4,3,3,1,7,5,0,14,3,3,3,5,6,3,0,9,12,7,7,11,2,3,0,21,11,16,34,31,18,5,0,27,38,53,53,48,38,28,6,36,44,63,64,58,53,37,23,45,60,70,74,65,54,35,7,1,37,53,51,38,35,14,0
96,2025-04-22 20:29:38.514,96,74,0,0,5,0,0,0,0,0,0,1,1,1,1,0,9,0,0,9,4,4,7,9,4,2,0,7,5,10,8,5,5,8,0,4,4,3,3,1,7,5,0,14,3,3,3,5,6,3,0,9,11,6,6,11,2,3,0,21,10,14,33,30,18,5,0,26,37,53,53,48,38,28,6,36,43,63,64,58,53,37,23,45,60,70,74,65,54,35,7,1,37,53,51,38,35,15,0
97,2025-04-22 20:29:38.523,96,74,0,0,5,0,0,0,0,0,0,2,1,1,1,0,9,0,0,9,4,4,8,9,4,2,0,7,5,10,8,5,5,8,0,4,4,3,3,1,7,5,0,14,3,3,3,5,6,3,0,9,9,4,5,10,2,3,0,19,8,12,30,28,18,5,0,25,35,51,51,48,37,28,6,36,41,62,64,58,53,37,23,45,60,70,74,65,54,35,7,1,37,53,51,39,35,15,0
98,2025-04-22 20:29:38.533,96,74,0,0,5,0,0,0,0,0,0,2,1,1,1,0,9,0,0,10,4,4,8,9,4,2,0,7,5,10,8,5,5,8,0,4,4,3,3,1,7,5,0,14,3,3,3,5,6,3,0,9,9,3,5,10,2,3,0,18,7,11,29,27,17,5,0,25,34,50,50,48,36,28,5,36,40,61,64,58,53,37,23,45,60,70,74,65,54,35,7,1,37,53,51,39,35,15,0
99,2025-04-22 20:29:38.543,96,74,0,0,5,0,0,0,0,0,0,2,1,1,1,0,9,0,0,10,4,4,8,9,4,2,0,7,5,10,8,5,5,8,0,4,4,3,4,1,7,5,0,14,3,3,3,5,6,3,0,9,8,1,5,10,2,3,0,16,7,9,27,25,16,5,0,23,32,48,48,47,35,27,4,35,38,59,63,58,53,37,23,45,60,70,74,65,54,35,7,1,37,53,51,39,35,15,0
100,2025-04-22 20:29:38.564,96,74,0,0,5,0,0,0,0,0,0,2,1,1,1,0,9,0,0,10,4,4,8,9,4,2,0,7,5,10,8,5,5,8,0,4,4,3,4,1,7,5,0,14,3,3,3,5,6,3,0,9,8,0,4,10,2,3,0,16,7,8,26,25,15,5,0,22,31,46,47,46,35,26,3,35,37,58,62,58,53,36,23,44,60,70,74,65,54,35,7,1,37,53,51,39,35,15,0
101,2025-04-22 20:29:38.574,96,73,0,0,5,0,0,0,0,0,0,2,1,1,1,0,9,0,0,10,4,4,8,9,4,2,0,7,5,10,8,5,5,8,0,4,4,3,4,1,7,5,0,14,3,3,3,5,6,3,0,9,7,0,4,9,2,3,0,16,6,6,24,23,14,5,0,21,29,43,45,44,34,25,3,33,35,56,61,57,53,35,22,42,58,69,73,65,54,35,7,1,37,53,51,39,35,15,0
102,2025-04-22 20:29:38.584,96,72,0,0,5,0,0,0,0,0,0,2,1,1,1,0,9,0,0,10,4,4,8,9,4,2,0,7,5,10,8,5,5,8,0,4,4,3,4,1,7,5,0,14,3,3,3,5,6,3,0,9,7,0,4,9,2,3,0,15,6,5,23,22,13,5,0,21,28,42,44,43,33,25,1,32,34,55,60,56,53,34,22,41,57,68,72,65,54,35,7,1,37,52,51,39,35,15,0
103,2025-04-22 20:29:38.594,96,71,0,0,5,0,0,0,0,0,0,2,1,1,1,0,9,0,0,10,4,4,8,9,4,2,0,7,5,10,8,5,5,8,0,4,4,3,4,1,7,5,0,14,3,4,3,5,6,3,0,9,7,0,4,9,2,3,0,14,5,5,21,20,11,5,0,20,26,40,42,41,32,23,0,31,32,52,58,55,51,32,20,40,54,67,71,64,54,35,7,1,35,51,50,37,35,15,0
104,2025-04-22 20:29:38.605,96,71,0,0,5,0,0,0,0,0,0,2,1,1,1,0,9,0,0,10,4,4,8,9,4,2,0,7,5,10,8,5,5,8,0,4,4,3,4,1,7,5,0,14,3,4,3,5,6,3,0,9,7,0,4,8,2,3,0,11,4,5,20,18,8,4,0,18,23,38,40,40,31,22,0,31,31,50,57,54,50,31,19,40,52,66,71,63,53,34,7,1,35,51,49,36,35,15,0
105,2025-04-22 20:29:38.616,96,70,0,0,5,0,0,0,0,0,0,2,1,1,1,0,9,0,0,10,4,4,8,9,4,2,0,7,5,10,8,5,5,8,0,4,4,3,4,1,7,5,0,14,3,4,3,5,6,3,0,9,7,0,4,8,2,3,0,9,4,4,19,18,7,4,0,17,22,35,36,38,28,20,0,29,29,48,56,52,48,29,15,39,50,64,70,61,51,33,7,1,33,49,47,34,34,15,0
106,2025-04-22 20:29:38.626,96,68,0,0,5,0,0,0,0,0,0,2,1,1,1,0,9,0,0,10,4,4,8,9,4,2,0,6,5,10,8,5,5,8,0,4,4,3,4,1,7,5,0,14,3,4,3,5,6,3,0,9,7,0,4,6,2,3,0,6,1,4,17,17,5,4,0,15,18,31,32,35,25,18,0,28,26,46,54,50,46,27,11,37,47,62,68,59,49,31,7,1,31,47,45,32,32,14,0
107,2025-04-22 20:29:38.636,96,67,0,0,5,0,0,0,0,0,0,2,1,1,1,0,9,0,0,10,4,4,8,9,4,2,0,6,5,10,8,5,5,8,0,4,4,3,4,1,7,5,0,14,3,4,3,5,6,3,0,9,7,0,4,6,2,3,0,5,1,4,17,17,4,4,0,15,16,30,31,33,24,18,0,27,25,45,53,49,45,26,10,36,46,60,67,58,48,30,7,1,30,46,44,31,31,14,0
108,2025-04-22 20:29:38.645,96,65,0,0,5,0,0,0,0,0,0,2,1,1,1,0,9,0,0,10,4,4,8,9,4,2,0,6,5,10,8,5,5,8,0,4,4,3,4,1,7,5,0,14,3,4,3,5,6,3,0,9,7,0,4,6,2,3,0,5,0,4,16,16,3,4,0,14,13,26,28,30,21,16,0,26,22,43,51,45,41,24,9,34,44,57,65,56,46,29,7,1,28,44,42,29,29,13,0
109,2025-04-22 20:29:38.656,96,64,0,0,5,0,0,0,0,0,0,2,1,1,1,0,9,0,0,10,4,4,8,9,4,2,0,6,5,10,8,5,5,8,0,4,4,3,4,1,7,5,0,14,3,4,3,5,6,3,0,9,7,0,4,5,2,3,0,5,0,4,16,15,3,4,0,13,11,25,27,28,19,15,0,25,21,41,49,43,40,23,8,33,42,56,64,55,45,28,6,1,26,44,41,28,28,13,0
110,2025-04-22 20:29:38.676,96,60,0,0,5,0,0,0,0,0,0,2,1,1,1,0,9,0,0,10,4,4,8,9,4,2,0,6,5,10,8,5,5,8,0,4,4,3,4,1,7,5,0,13,3,4,3,5,6,3,0,8,7,0,3,5,1,3,0,5,0,3,15,14,3,3,0,13,9,21,23,25,16,12,0,21,18,39,46,39,36,19,6,31,40,52,60,53,42,26,5,1,23,42,37,26,24,11,0
111,2025-04-22 20:29:38.688,96,56,0,0,5,0,0,0,0,0,0,2,1,1,1,0,9,0,0,10,4,4,8,9,4,2,0,6,5,10,8,4,5,8,0,4,4,3,4,1,7,5,0,13,3,4,3,5,6,3,0,8,7,0,3,5,1,3,0,5,0,3,13,12,1,3,0,12,7,17,19,21,12,9,0,18,16,36,42,35,32,15,5,27,36,48,56,50,39,24,4,1,22,40,35,25,22,11,0
112,2025-04-22 20:29:38.697,96,54,0,0,5,0,0,0,0,0,0,2,1,1,1,0,9,0,0,10,4,4,8,9,4,2,0,6,5,10,8,4,5,8,0,4,4,3,4,1,7,5,0,13,3,4,3,5,6,3,0,8,6,0,3,5,1,3,0,5,0,3,12,11,1,1,0,12,6,16,17,19,10,7,0,16,15,34,40,33,30,12,4,25,34,46,54,49,37,23,4,1,20,36,31,23,19,9,0
113,2025-04-22 20:29:38.708,96,50,0,0,5,0,0,0,0,0,0,2,1,1,1,0,9,0,0,9,4,4,8,9,4,2,0,6,5,10,8,3,5,8,0,4,4,3,4,1,7,5,0,13,3,4,3,5,6,3,0,8,6,1,3,5,1,3,0,5,0,3,10,10,1,1,0,11,5,13,13,15,6,5,0,14,12,32,36,29,26,8,1,22,30,42,50,46,34,19,3,1,17,32,28,21,17,7,0
114,2025-04-22 20:29:38.719,96,48,0,0,5,0,0,0,0,0,0,2,1,1,1,0,9,0,0,8,4,4,8,9,4,2,0,6,5,9,8,3,5,8,0,4,4,3,4,1,7,5,0,13,3,4,3,5,6,3,0,8,6,1,3,5,1,3,0,5,0,3,10,10,1,0,0,10,5,12,11,13,5,4,0,13,11,30,34,28,24,6,1,20,28,40,48,44,33,17,3,1,16,30,27,20,16,7,0
115,2025-04-22 20:29:38.727,96,44,0,0,5,0,0,0,0,0,0,2,1,1,1,0,9,0,0,8,4,4,8,9,4,2,0,6,5,9,8,3,5,8,0,4,4,3,4,1,7,5,0,12,3,4,3,5,6,3,0,8,6,1,3,5,1,3,0,5,0,3,9,8,1,0,0,9,4,10,9,10,4,4,0,11,9,27,30,25,20,4,0,18,25,36,44,40,31,13,0,1,14,28,24,17,14,5,0
116,2025-04-22 20:29:38.739,96,41,0,0,5,0,0,0,0,0,0,2,1,1,1,0,9,0,0,8,4,4,8,9,4,2,0,6,5,8,8,3,5,8,0,4,4,3,4,1,7,5,0,12,3,4,3,5,6,3,0,8,6,1,3,5,1,3,0,5,0,3,8,6,1,0,0,9,4,10,7,7,3,4,0,9,7,24,26,23,17,3,0,15,23,34,41,38,29,10,0,1,10,26,22,15,12,5,0
117,2025-04-22 20:29:38.750,96,39,0,0,5,0,0,0,0,0,0,2,1,1,1,0,9,0,0,8,4,4,7,9,4,2,0,6,5,8,8,3,5,8,0,4,4,3,4,1,7,5,0,12,3,4,3,5,6,3,0,8,6,1,3,4,1,3,0,5,0,3,7,6,1,0,0,9,4,10,7,5,1,4,0,9,6,23,24,22,16,3,0,14,22,33,39,37,28,9,0,1,9,25,21,14,11,5,0
118,2025-04-22 20:29:38.760,96,37,0,0,5,0,0,0,0,0,0,2,1,1,1,0,9,0,0,8,4,4,7,9,4,2,0,6,5,8,8,3,5,8,0,4,4,3,4,1,7,5,0,12,3,3,3,5,6,3,0,8,6,1,3,4,1,3,0,5,0,3,7,5,1,0,0,9,4,10,6,1,1,4,0,9,5,21,22,21,14,1,0,14,21,31,37,35,26,7,0,1,7,23,20,12,11,4,0
119,2025-04-22 20:29:38.771,96,35,0,0,5,0,0,0,0,0,0,2,1,1,1,0,9,0,0,8,4,4,7,9,4,2,0,6,5,8,8,3,5,8,0,4,4,3,4,1,7,5,0,12,3,3,3,5,6,3,0,8,6,1,3,4,1,3,0,5,0,3,5,5,1,0,0,8,4,9,5,1,1,4,0,8,4,20,21,19,12,1,0,13,21,29,35,33,25,6,0,1,6,23,19,11,10,4,0
120,2025-04-22 20:29:38.782,96,33,0,0,5,0,0,0,0,0,0,2,1,1,1,0,9,0,0,8,4,4,7,9,4,2,0,6,5,8,8,3,5,8,0,4,4,3,4,1,7,5,0,12,1,1,3,5,6,3,0,8,6,1,3,4,1,3,0,5,0,3,4,5,1,0,0,8,3,9,4,1,1,4,0,8,3,19,20,18,10,1,0,13,20,28,33,31,24,5,0,1,5,21,18,10,10,3,0
121,2025-04-22 20:29:38.803,96,32,0,0,5,0,0,0,0,0,0,2,1,1,1,0,9,0,0,8,4,4,7,9,4,2,0,6,5,8,8,3,5,8,0,4,4,3,4,1,7,5,0,12,1,1,3,5,6,3,0,8,6,1,1,4,1,3,0,5,0,3,4,5,1,0,0,8,3,8,4,1,1,4,0,8,3,18,19,17,9,1,0,13,20,27,32,30,23,5,0,1,5,21,17,10,10,3,0
122,2025-04-22 20:29:38.813,96,30,0,0,5,0,0,0,0,0,0,2,1,1,1,0,9,0,0,8,4,4,7,9,4,2,0,6,5,7,8,3,5,8,0,4,4,1,4,1,7,5,0,11,1,1,3,5,6,3,0,8,6,1,1,4,1,3,0,5,0,3,3,5,1,0,0,7,3,7,4,1,1,4,0,8,3,16,17,16,8,0,0,12,19,26,30,29,21,5,0,1,5,19,15,10,9,3,0
123,2025-04-22 20:29:38.823,96,29,0,0,5,0,0,0,0,0,0,2,1,1,1,0,9,0,0,8,4,4,7,9,4,2,0,6,5,7,8,3,5,8,0,4,4,1,4,1,6,5,0,11,1,1,3,5,6,3,0,8,6,1,1,4,1,3,0,4,0,1,3,5,1,0,0,7,3,6,4,1,1,4,0,8,3,15,16,15,7,0,0,11,18,25,29,29,20,4,0,1,4,18,14,10,9,3,0
124,2025-04-22 20:29:38.834,96,28,0,0,5,0,0,0,0,0,0,2,1,1,1,0,9,0,0,8,4,4,7,9,4,2,0,6,5,7,8,3,5,8,0,4,4,1,4,1,6,5,0,11,1,1,3,5,6,3,0,8,6,1,1,4,1,3,0,4,0,1,3,5,1,0,0,7,3,6,4,1,1,4,0,7,1,14,15,15,7,0,0,10,18,24,27,28,19,4,0,1,3,17,14,10,8,1,0
125,2025-04-22 20:29:38.845,96,27,0,0,5,0,0,0,0,0,0,2,1,1,1,0,9,0,0,8,4,4,7,9,4,2,0,6,5,7,8,3,5,8,0,4,4,1,4,1,6,5,0,10,1,1,3,5,6,3,0,8,6,1,1,4,1,3,0,4,0,1,3,5,0,0,0,7,1,6,4,1,1,4,0,7,1,13,15,14,7,0,0,9,17,22,26,27,19,4,0,1,1,15,13,9,8,0,0
126,2025-04-22 20:29:38.855,96,26,0,0,5,0,0,0,0,0,0,2,1,1,1,0,9,0,0,8,4,4,7,9,4,2,0,6,5,7,8,3,5,8,0,4,4,1,4,1,6,5,0,10,1,1,3,5,6,3,0,8,6,1,1,4,1,3,0,4,0,1,3,5,0,0,0,7,1,6,4,1,1,4,0,7,1,13,14,14,7,0,0,8,17,22,26,26,18,3,0,1,1,14,13,9,7,0,0
127,2025-04-22 20:29:38.866,96,26,0,0,5,0,0,0,0,0,0,2,1,1,1,0,9,0,0,8,4,4,7,8,4,2,0,6,5,7,8,3,5,8,0,4,4,1,4,1,6,5,0,10,1,1,3,5,6,3,0,8,6,1,1,4,1,3,0,4,0,1,3,5,0,0,0,7,1,6,4,1,1,4,0,7,1,13,14,13,7,0,0,8,16,22,26,25,17,3,0,1,1,13,12,8,7,0,0
128,2025-04-22 20:29:38.876,96,25,0,0,5,0,0,0,0,0,0,2,1,1,1,0,9,0,0,8,4,4,7,8,4,2,0,6,5,7,8,3,5,8,0,4,4,1,4,1,6,5,0,10,1,1,3,5,6,3,0,8,6,1,1,4,1,3,0,4,0,1,3,5,0,0,0,7,1,6,4,1,1,4,0,7,1,13,13,13,6,0,0,8,16,21,25,24,15,1,0,0,0,12,11,8,6,0,0
129,2025-04-22 20:29:38.887,96,25,0,0,5,0,0,0,0,0,0,2,1,1,1,0,9,0,0,8,4,4,7,8,4,2,0,6,5,7,8,3,5,8,0,4,3,1,4,1,6,5,0,10,1,1,3,5,6,3,0,8,6,1,1,4,1,3,0,4,0,1,3,5,1,0,0,7,1,6,4,1,1,4,0,7,1,12,12,12,6,0,0,7,16,21,25,22,13,0,0,0,0,10,9,8,4,0,0
130,2025-04-22 20:29:38.896,96,24,0,0,5,0,0,0,0,0,0,2,1,1,1,0,9,0,0,8,4,4,7,8,4,2,0,6,5,7,8,3,5,8,0,4,3,1,4,1,6,5,0,10,1,1,3,5,6,3,0,8,6,1,1,4,1,3,0,4,0,1,3,5,1,0,0,7,1,6,4,1,1,4,0,7,1,12,11,11,5,0,0,7,16,20,24,22,12,0,0,0,0,10,8,8,4,0,0
131,2025-04-22 20:29:38.908,96,24,0,0,5,0,0,0,0,0,0,2,1,1,1,0,9,0,0,8,4,4,7,8,4,2,0,6,5,7,8,3,5,8,0,4,3,1,4,1,6,5,0,10,1,1,3,5,6,3,0,8,6,1,1,4,1,3,0,4,0,1,3,5,1,0,0,7,1,6,3,1,1,4,0,7,1,11,10,10,5,0,0,7,15,20,24,21,11,0,0,0,0,8,8,7,4,0,0
132,2025-04-22 20:29:38.919,96,23,0,0,5,0,0,0,0,0,0,2,1,1,1,0,9,0,0,8,4,4,7,8,4,2,0,6,5,7,8,3,5,8,0,4,3,1,4,1,6,5,0,10,1,1,3,5,6,3,0,8,6,1,1,4,1,3,0,4,0,1,3,5,1,0,0,5,1,6,3,1,1,4,0,6,1,9,9,9,5,0,0,7,15,19,23,21,10,0,0,0,0,7,8,7,3,0,0
133,2025-04-22 20:29:38.929,96,23,0,0,5,0,0,0,0,0,0,2,1,1,1,0,9,0,0,8,4,4,7,8,4,2,0,6,5,7,8,3,5,8,0,4,3,1,4,1,6,5,0,10,1,1,3,5,6,3,0,8,6,1,1,4,1,3,0,4,0,1,3,4,1,0,0,4,1,5,3,1,1,4,0,6,1,8,8,8,5,0,0,6,14,19,23,20,10,0,0,0,0,7,7,6,3,0,0
134,2025-04-22 20:29:38.950,96,23,0,0,5,0,0,0,0,0,0,2,1,1,1,0,9,0,0,8,4,4,7,8,4,2,0,6,5,7,8,3,5,8,0,4,3,1,4,1,6,5,0,10,1,1,3,5,6,3,0,7,6,1,1,4,1,3,0,4,0,1,3,4,1,0,0,4,1,5,3,1,1,4,0,6,1,8,8,8,5,0,0,6,13,18,23,20,10,0,0,0,0,6,6,6,3,0,0
135,2025-04-22 20:29:38.962,96,23,0,0,5,0,0,0,0,0,0,2,1,1,1,0,9,0,0,8,4,4,7,8,4,2,0,6,5,7,8,3,5,8,0,4,3,1,4,1,6,5,0,10,1,1,3,5,6,3,0,7,6,1,1,4,1,3,0,4,0,1,3,4,1,0,0,4,1,5,3,1,1,4,0,6,1,8,8,8,5,0,0,6,13,18,23,20,10,0,0,0,0,6,6,6,3,0,0
136,2025-04-22 20:29:38.971,96,23,0,0,5,0,0,0,0,0,0,2,1,1,1,0,9,0,0,8,4,4,7,8,4,2,0,6,5,7,8,3,5,8,0,4,3,1,4,1,6,5,0,10,1,1,3,5,6,3,0,7,6,1,1,4,1,3,0,4,0,1,3,4,1,0,0,4,1,5,3,1,1,4,0,6,1,8,8,8,5,0,0,6,13,18,23,20,10,0,0,0,0,6,6,6,3,0,0
137,2025-04-22 20:29:38.983,96,23,0,0,5,0,0,0,0,0,0,2,1,1,1,0,9,0,0,8,4,4,7,8,4,2,0,6,5,7,8,3,5,8,0,4,3,1,4,1,6,5,0,10,1,1,3,5,6,3,0,7,6,1,1,4,1,3,0,4,0,1,3,4,1,0,0,4,1,5,3,1,1,4,0,6,1,8,8,8,5,0,0,6,13,18,23,20,10,0,0,1,0,6,6,6,3,0,0
138,2025-04-22 20:29:38.993,96,23,0,0,5,0,0,0,0,0,0,2,1,1,1,0,9,0,0,8,4,4,7,8,4,2,0,6,5,7,8,3,5,8,0,4,3,1,4,1,6,5,0,10,1,1,3,5,6,3,0,7,6,1,1,4,1,3,0,4,0,1,3,4,1,0,0,4,1,5,3,1,1,4,0,6,1,8,8,8,5,0,0,6,13,18,23,20,10,0,0,0,0,6,6,6,3,0,0
139,2025-04-22 20:29:39.003,96,23,0,0,5,0,0,0,0,0,0,2,1,1,1,0,9,0,0,8,4,4,7,8,4,2,0,6,5,7,8,3,5,8,0,4,3,1,4,1,6,5,0,10,1,1,3,5,6,3,0,6,6,1,1,4,1,3,0,4,0,1,3,4,1,0,0,4,1,5,3,1,1,4,0,6,1,8,8,8,5,0,0,6,13,18,23,20,10,0,0,1,0,6,6,6,3,0,0
140,2025-04-22 20:29:39.015,96,23,0,0,5,0,0,0,0,0,0,2,1,1,1,0,9,0,0,8,4,4,7,8,4,2,0,6,5,7,8,3,5,8,0,4,3,1,4,1,6,5,0,9,0,1,3,5,6,3,0,6,6,1,1,4,1,3,0,4,0,1,3,4,1,0,0,4,1,5,3,1,1,4,0,6,1,8,8,8,5,0,0,6,13,18,23,20,10,0,0,1,0,6,6,6,3,0,0
141,2025-04-22 20:29:39.025,96,23,0,0,5,0,0,0,0,0,0,2,1,1,1,0,9,0,0,8,4,4,7,8,4,2,0,6,5,7,8,3,5,8,0,4,3,1,4,1,6,5,0,9,0,1,3,5,6,3,0,6,6,1,1,4,1,3,0,4,0,1,3,4,1,0,0,4,1,5,3,1,1,4,0,6,1,8,8,8,5,0,0,6,13,18,23,20,10,0,0,1,0,6,6,6,3,0,0
142,2025-04-22 20:29:39.036,96,23,0,0,5,0,0,0,0,0,0,2,1,1,1,0,9,0,0,8,4,4,7,8,4,2,0,6,5,7,8,3,5,8,0,4,3,1,4,1,6,5,0,9,0,1,3,5,6,3,0,6,6,1,1,4,1,3,0,4,0,1,3,4,1,0,0,4,1,5,3,1,1,4,0,6,1,8,9,9,5,0,0,6,13,18,23,20,11,1,0,1,0,6,6,6,3,0,0
143,2025-04-22 20:29:39.047,96,23,0,0,5,0,0,0,0,0,0,2,1,1,1,0,9,0,0,8,4,4,7,8,4,2,0,6,5,7,8,3,5,8,0,4,3,1,4,1,6,5,0,9,0,1,3,5,6,3,0,6,6,1,1,4,1,3,0,4,0,1,3,4,1,0,0,4,1,5,3,1,1,4,0,6,1,8,11,11,5,1,0,6,13,18,23,20,13,1,0,1,0,7,6,6,3,0,0
144,2025-04-22 20:29:39.057,96,24,0,0,5,0,0,0,0,0,0,2,1,1,1,0,9,0,0,8,4,4,7,8,4,2,0,6,5,7,8,3,5,8,0,4,3,1,4,1,6,5,0,9,0,1,3,5,6,3,0,6,6,1,1,4,1,3,0,4,0,1,3,4,1,0,0,4,1,5,3,1,1,4,0,6,1,10,13,12,6,1,0,6,13,18,24,22,15,1,0,1,1,9,8,6,3,0,0
145,2025-04-22 20:29:39.066,96,24,0,0,5,0,0,0,0,0,0,2,1,1,1,0,9,0,0,8,4,4,7,8,4,2,0,6,5,7,8,3,5,8,0,4,3,1,4,1,6,5,0,9,0,1,3,5,6,3,0,6,6,0,1,4,1,3,0,4,0,1,3,4,1,0,0,4,1,5,3,1,1,4,0,6,1,11,14,13,7,1,0,6,13,19,24,23,16,1,0,1,1,10,8,6,4,1,0
146,2025-04-22 20:29:39.077,96,26,0,0,5,0,0,0,0,0,0,2,1,1,1,0,9,0,0,8,4,4,7,8,4,2,0,6,5,7,8,3,5,8,0,4,3,1,4,1,6,5,0,9,0,1,3,5,6,3,0,6,6,0,1,4,1,3,0,4,0,1,3,4,1,0,0,4,1,5,3,1,1,4,0,6,1,13,15,14,9,1,0,7,14,21,26,25,18,2,0,1,1,12,10,6,5,1,0
147,2025-04-22 20:29:39.090,96,28,0,0,5,0,0,0,0,0,0,2,1,1,1,0,9,0,0,8,4,4,7,8,4,2,0,6,5,7,8,3,5,8,0,4,3,1,4,1,6,5,0,9,0,1,3,5,6,3,0,6,6,1,1,4,0,3,0,4,0,1,3,4,1,0,0,4,1,5,3,3,1,4,0,6,3,15,17,16,11,1,1,8,15,23,28,27,20,3,0,1,1,14,12,6,5,1,0
148,2025-04-22 20:29:39.099,96,29,0,0,5,0,0,0,0,0,0,2,1,1,1,0,9,0,0,8,4,4,7,8,4,2,0,6,5,7,8,3,5,8,0,4,3,1,4,1,6,5,0,9,0,1,3,5,6,3,0,6,6,0,1,4,0,3,0,4,0,1,3,4,1,0,0,4,1,5,3,4,1,4,0,6,4,16,18,17,12,2,1,9,15,24,29,28,21,4,1,1,1,15,12,6,6,1,0
149,2025-04-22 20:29:39.119,96,31,0,0,5,0,0,0,0,0,0,2,1,1,1,0,9,0,0,8,4,4,7,8,4,2,0,6,5,7,8,3,5,8,0,4,3,1,4,1,6,5,0,9,0,1,3,5,6,3,0,6,6,1,1,4,0,3,0,4,0,1,3,4,1,0,0,4,1,5,4,6,2,4,0,6,4,18,20,18,14,3,1,10,16,25,31,30,23,6,1,1,1,16,14,7,7,1,0
150,2025-04-22 20:29:39.131,96,33,0,0,5,0,0,0,0,0,0,2,1,1,1,0,9,0,0,8,4,4,7,8,4,2,0,6,5,7,8,3,5,8,0,4,3,1,4,1,6,5,0,9,0,1,3,5,6,3,0,6,6,1,1,4,0,3,0,4,0,1,3,4,1,0,0,4,1,6,5,8,3,4,0,6,5,20,22,19,17,4,1,11,18,27,33,32,25,9,1,1,2,18,16,9,8,1,0
151,2025-04-22 20:29:39.141,96,34,0,0,5,0,0,0,0,0,0,2,1,1,1,0,9,0,0,8,4,4,7,8,4,2,0,6,5,7,8,3,5,8,0,4,3,1,4,1,6,5,0,9,0,1,3,5,6,3,0,6,6,1,1,4,0,3,0,4,0,1,3,4,1,0,0,4,1,7,5,9,4,4,0,7,5,21,23,20,18,5,1,11,19,28,34,33,26,10,1,1,3,19,17,10,9,1,0
152,2025-04-22 20:29:39.152,96,36,0,0,5,0,0,0,0,0,0,2,1,1,1,0,9,0,0,8,4,4,7,8,4,2,0,6,5,7,8,3,5,8,0,4,3,1,4,1,6,5,0,9,0,1,3,5,6,3,0,6,6,1,1,4,0,3,0,4,0,1,3,4,1,0,0,4,1,9,7,11,6,5,0,8,7,23,26,22,21,7,2,13,21,30,36,35,28,12,1,1,5,20,18,11,11,1,0
153,2025-04-22 20:29:39.162,96,40,0,0,5,0,0,0,0,0,0,2,1,1,1,0,9,0,0,8,4,4,7,8,4,2,0,6,5,7,8,3,5,8,0,4,3,1,4,1,6,5,0,9,1,1,3,5,6,3,0,6,6,1,1,4,0,3,0,4,0,1,3,4,1,0,0,5,1,11,9,13,7,6,0,9,9,25,29,24,23,9,2,15,23,32,40,37,30,14,1,1,7,22,20,13,12,2,0
154,2025-04-22 20:29:39.172,96,41,0,0,5,0,0,0,0,0,0,2,1,1,1,0,9,0,0,8,4,4,7,8,4,2,0,6,5,7,8,3,5,7,0,4,3,1,4,1,6,5,0,9,1,1,3,5,6,3,0,6,6,1,1,4,0,1,0,4,0,1,3,4,1,0,0,5,2,12,10,14,8,6,0,10,10,26,31,25,24,10,3,16,24,34,41,38,31,15,1,1,8,23,21,14,12,3,0
155,2025-04-22 20:29:39.183,96,43,0,0,5,0,0,0,0,0,0,2,1,1,1,0,9,0,0,8,4,4,7,8,4,2,0,6,5,7,8,3,5,7,0,4,3,1,4,1,6,5,0,9,1,1,3,5,6,3,0,6,6,1,1,4,0,1,0,4,0,1,4,5,1,1,0,6,2,14,14,16,10,8,0,11,11,28,33,27,27,12,4,18,26,36,43,40,33,17,1,1,10,24,22,15,13,4,0
156,2025-04-22 20:29:39.193,96,44,0,0,5,0,0,0,0,0,0,2,1,1,1,0,9,0,0,8,4,4,7,8,4,2,0,6,5,7,8,3,5,7,0,4,3,1,4,1,6,5,0,9,1,1,3,5,6,3,0,6,6,0,1,4,0,1,0,4,0,1,5,5,1,1,0,6,3,16,16,18,11,9,0,12,12,29,34,28,28,13,4,19,27,37,44,41,33,18,1,1,11,25,23,15,14,5,0
157,2025-04-22 20:29:39.205,96,46,0,0,5,0,0,0,0,0,0,2,1,1,1,0,9,0,0,8,4,4,7,8,4,2,0,6,5,7,8,3,5,7,0,4,3,1,4,1,6,5,0,9,1,1,3,5,6,3,0,6,6,0,1,4,0,1,0,4,0,1,6,6,1,1,0,7,3,17,17,19,12,10,0,13,13,31,36,30,30,16,5,21,28,39,46,43,35,20,2,1,13,26,24,16,15,6,0
158,2025-04-22 20:29:39.213,96,48,0,0,5,0,0,0,0,0,0,2,1,1,1,0,9,0,0,8,4,4,7,8,4,2,0,6,5,7,8,3,5,7,0,4,3,1,4,1,6,5,0,9,1,1,3,5,6,3,0,6,6,1,1,4,0,1,0,4,0,1,6,6,1,1,0,7,4,17,19,21,13,11,0,14,14,32,38,31,32,18,5,22,30,41,48,45,36,22,2,1,14,28,26,17,17,7,0
159,2025-04-22 20:29:39.225,96,49,0,0,5,0,0,0,0,0,0,2,1,1,1,0,9,0,0,8,4,4,7,8,4,2,0,6,5,7,8,3,5,6,0,4,3,1,4,1,6,5,0,9,1,1,3,5,6,3,0,6,6,0,1,4,0,1,0,4,0,1,7,6,1,1,0,7,4,18,20,22,14,12,0,15,14,33,39,32,33,19,6,22,31,42,49,45,37,23,2,1,14,29,26,17,17,7,0
160,2025-04-22 20:29:39.245,96,51,0,0,5,0,0,0,0,0,0,2,1,1,1,0,9,0,0,8,4,4,7,8,4,2,0,6,5,7,8,3,5,6,0,4,3,1,4,1,6,5,0,9,1,1,3,5,6,3,0,6,6,1,1,4,0,1,0,4,1,1,7,7,1,1,0,8,4,19,21,23,15,13,0,17,15,34,41,33,35,21,7,24,32,44,51,46,38,24,2,1,15,31,28,18,19,8,0
161,2025-04-22 20:29:39.257,96,52,0,0,5,0,0,0,0,0,0,2,1,1,1,0,9,0,0,8,4,4,7,8,4,2,0,6,5,7,8,3,5,6,0,4,3,1,4,1,6,5,0,9,1,1,3,5,6,3,0,6,6,0,1,4,0,1,0,4,1,1,7,8,1,1,0,8,5,19,22,24,16,13,0,18,16,35,41,34,36,22,7,25,33,45,52,46,39,24,2,1,16,32,29,18,20,8,0
162,2025-04-22 20:29:39.268,96,54,0,0,5,0,0,0,0,0,0,2,1,1,1,0,9,0,0,8,4,4,7,8,4,2,0,6,5,7,8,3,5,6,0,4,3,1,4,1,6,5,0,9,1,1,3,5,6,3,0,6,6,0,1,4,0,1,0,5,1,1,7,8,1,1,0,9,5,20,22,26,17,13,0,18,17,36,42,36,36,22,8,26,35,47,54,47,40,24,3,1,17,34,31,19,21,8,0
163,2025-04-22 20:29:39.278,96,55,0,0,5,0,0,0,0,0,0,2,1,1,1,0,9,0,0,8,4,4,7,8,4,2,0,6,5,7,8,3,5,6,0,4,3,1,4,1,6,5,0,9,1,1,3,5,6,3,0,6,6,1,1,4,0,1,0,5,1,1,7,8,1,1,0,9,6,21,22,27,18,13,0,19,17,36,43,36,37,23,8,27,36,48,55,47,40,24,3,1,18,34,32,19,21,8,0
164,2025-04-22 20:29:39.289,96,56,0,0,5,0,0,0,0,0,0,2,1,1,1,0,9,0,0,8,4,4,7,8,4,2,0,6,5,7,8,3,5,6,0,4,3,1,4,1,6,5,0,9,1,1,3,5,6,3,0,6,6,1,1,4,0,1,0,5,1,1,7,8,1,1,0,9,6,21,22,27,18,13,0,20,17,36,43,37,37,23,8,27,37,49,56,48,41,25,3,1,18,35,33,20,21,9,0
165,2025-04-22 20:29:39.299,96,57,0,0,5,0,0,0,0,0,0,2,1,1,1,0,9,0,0,8,4,4,7,8,4,2,0,6,5,7,8,3,5,6,0,4,3,1,4,1,6,5,0,9,1,1,3,5,6,3,0,6,6,1,1,4,1,1,0,6,1,1,7,8,1,1,0,10,6,21,23,27,18,13,0,20,18,36,44,37,37,23,8,28,37,50,57,49,41,25,4,1,18,35,34,21,22,9,0
166,2025-04-22 20:29:39.311,96,58,0,0,5,0,0,0,0,0,0,2,1,1,1,0,9,0,0,8,4,4,7,8,4,2,0,6,5,7,8,3,5,6,0,4,3,1,4,1,6,5,0,9,1,1,3,5,6,3,0,6,6,1,1,4,1,1,0,6,1,1,7,8,1,1,0,10,7,22,23,27,18,13,0,21,18,37,44,37,37,23,8,28,38,50,58,49,41,26,4,1,18,36,34,21,22,9,0
167,2025-04-22 20:29:39.320,96,58,0,0,5,0,0,0,0,0,0,2,1,1,1,0,9,0,0,8,4,4,7,8,4,2,0,6,5,7,8,3,5,6,0,4,3,1,4,1,6,5,0,9,1,1,3,5,6,3,0,6,6,1,1,4,1,1,0,7,1,1,7,8,1,1,0,10,7,22,23,27,18,14,0,21,19,37,45,37,37,24,8,29,39,51,58,50,41,26,4,1,19,37,35,21,22,9,0
168,2025-04-22 20:29:39.329,96,59,0,0,5,0,0,0,0,0,0,2,1,1,1,0,9,0,0,8,4,4,7,8,4,2,0,6,5,7,8,3,5,6,0,4,3,1,4,1,6,5,0,9,1,1,3,5,6,3,0,6,6,0,1,4,1,1,0,7,1,1,7,8,1,1,0,10,7,22,23,27,18,14,0,21,19,37,45,37,38,24,8,29,40,51,59,50,41,26,4,1,19,37,35,21,22,9,0
169,2025-04-22 20:29:39.341,96,59,0,0,5,0,0,0,0,0,0,2,1,1,1,0,9,0,0,8,4,4,7,9,4,2,0,6,5,7,8,3,5,6,0,4,3,1,4,1,6,5,0,9,1,1,3,5,6,3,0,6,6,0,1,4,1,1,0,7,1,1,7,8,1,1,0,10,7,22,23,27,18,14,0,21,20,37,46,37,38,24,8,29,41,52,59,50,41,26,4,1,21,38,36,22,23,9,0
170,2025-04-22 20:29:39.353,96,60,0,0,5,0,0,0,0,0,0,2,1,1,1,0,9,0,0,8,4,4,7,9,4,2,0,6,5,7,8,3,5,6,0,4,3,1,4,1,6,5,0,9,1,1,3,5,6,3,0,6,6,0,1,4,1,1,0,7,1,1,7,8,1,1,0,10,7,22,23,27,18,14,0,21,20,37,46,37,39,24,8,30,41,52,60,50,41,26,4,1,22,38,36,22,23,10,0
171,2025-04-22 20:29:39.361,96,60,0,0,5,0,0,0,0,0,0,2,1,1,1,0,9,0,0,8,4,4,7,9,4,2,0,6,5,7,8,3,5,6,0,4,3,1,4,1,6,5,0,9,1,1,3,5,6,3,0,6,6,0,1,4,1,1,0,7,1,1,7,8,1,1,0,10,7,22,24,27,18,14,0,21,20,37,47,38,39,24,8,30,42,53,60,51,42,26,5,1,24,38,37,22,23,10,0
172,2025-04-22 20:29:39.372,96,60,0,0,5,0,0,0,0,0,0,2,1,1,1,0,9,0,0,8,4,4,7,9,4,2,0,6,5,7,8,3,5,6,0,4,3,1,4,1,6,5,0,9,1,1,3,5,6,3,0,6,6,0,1,4,1,1,0,7,1,1,7,8,1,1,0,10,7,22,24,27,18,14,0,21,20,37,47,38,40,24,8,30,42,53,60,51,42,26,5,1,24,39,37,23,24,10,0
173,2025-04-22 20:29:39.384,96,61,0,0,5,0,0,0,0,0,0,2,1,1,1,0,9,0,0,8,4,4,7,10,4,2,0,6,5,7,9,3,5,6,0,4,3,1,4,1,6,5,0,9,1,1,3,5,6,3,0,6,6,0,1,4,1,1,0,7,1,1,7,8,1,1,0,10,7,22,24,27,18,14,0,21,20,38,47,38,40,24,8,30,43,53,61,51,42,27,5,1,25,39,38,23,25,10,0
174,2025-04-22 20:29:39.394,96,62,0,0,5,0,0,0,0,0,0,2,1,1,1,0,9,0,0,8,4,4,7,10,4,2,0,6,5,7,9,3,5,6,0,4,3,1,4,1,6,5,0,9,1,1,3,5,6,3,0,6,6,1,1,4,1,1,0,7,1,1,8,8,1,1,0,10,7,22,24,27,18,14,0,21,20,38,47,39,40,24,8,30,43,53,62,52,42,27,5,1,26,40,38,23,25,11,0
175,2025-04-22 20:29:39.415,96,62,0,0,5,0,0,0,0,0,0,2,1,1,1,0,9,0,0,8,4,4,7,10,4,2,0,6,5,7,9,3,5,6,0,4,3,1,4,1,6,5,0,9,1,1,3,5,6,3,0,6,6,0,1,4,1,1,0,7,1,1,8,8,1,1,0,10,7,22,24,27,18,15,0,21,20,38,47,39,40,24,8,30,43,53,62,52,43,28,5,1,27,40,38,23,26,11,0
176,2025-04-22 20:29:39.426,96,63,0,0,5,0,0,0,0,0,0,2,1,1,1,0,9,0,0,8,4,4,7,10,4,2,0,6,5,7,10,3,5,6,0,4,3,1,4,1,6,5,0,9,1,1,3,5,6,3,0,6,6,0,1,4,1,1,0,7,1,1,8,8,1,1,0,10,7,22,24,27,18,15,0,21,20,39,48,40,40,24,8,30,44,54,63,52,43,28,5,1,27,40,39,24,26,11,0
177,2025-04-22 20:29:39.437,96,63,0,0,5,0,0,0,0,0,0,2,1,1,1,0,9,0,0,8,4,4,7,10,4,2,0,6,5,7,10,3,5,6,0,4,3,1,4,1,6,5,0,9,1,1,3,5,6,3,0,6,6,0,1,4,1,1,0,7,1,1,8,8,1,1,0,10,7,22,24,27,18,15,0,21,20,39,48,40,41,24,8,30,44,54,63,53,44,28,5,1,27,41,40,24,27,11,0
178,2025-04-22 20:29:39.446,96,64,0,0,5,0,0,0,0,0,0,2,1,1,1,0,9,0,0,8,4,4,7,10,4,2,0,6,5,8,10,3,5,6,0,4,3,1,4,1,6,5,0,9,1,1,3,5,6,3,0,6,6,0,1,4,1,1,0,7,1,1,8,8,1,1,0,10,7,22,24,27,18,16,0,21,20,40,48,41,42,24,9,31,44,55,64,53,44,28,5,1,27,41,41,25,28,11,0
179,2025-04-22 20:29:39.457,96,64,0,0,5,0,0,0,0,0,0,2,1,1,1,0,9,0,0,8,4,4,7,10,4,2,0,6,5,8,10,3,5,6,0,4,3,1,4,1,6,5,0,9,1,1,3,5,6,3,0,6,6,1,1,4,1,1,0,7,1,1,8,8,1,1,0,10,7,22,24,27,18,16,0,21,20,40,48,42,42,24,9,31,44,55,64,54,45,28,5,1,27,41,42,26,28,11,0
180,2025-04-22 20:29:39.467,96,65,0,0,5,0,0,0,0,0,0,2,1,1,1,0,9,0,0,8,4,4,7,10,4,2,0,6,5,8,10,3,5,6,0,4,3,1,4,1,6,5,0,9,1,1,3,5,6,3,0,6,6,1,1,4,1,1,0,7,1,1,8,8,1,1,0,10,7,22,24,27,18,16,0,22,20,40,48,44,43,24,9,31,44,56,65,55,45,28,5,1,27,42,43,27,29,12,0
181,2025-04-22 20:29:39.479,96,65,0,0,5,0,0,0,0,0,0,2,1,1,1,0,9,0,0,8,4,4,7,10,4,2,0,6,5,8,10,3,5,6,0,4,3,1,4,1,6,5,0,9,1,1,3,5,6,3,0,6,6,1,1,4,1,1,0,7,1,1,8,8,1,1,0,10,7,22,24,27,18,16,0,22,21,40,48,44,43,24,9,31,44,56,65,55,46,29,5,1,27,42,43,27,30,12,0
182,2025-04-22 20:29:39.488,96,66,0,0,5,0,0,0,0,0,0,2,1,1,1,0,9,0,0,8,4,4,7,10,4,2,0,6,5,8,10,3,5,6,0,4,3,1,4,1,6,5,0,9,1,1,3,5,6,3,0,6,6,1,1,4,1,1,0,7,1,1,8,8,1,1,0,10,7,22,24,27,18,16,0,22,21,40,49,45,43,24,10,31,45,56,66,56,46,30,5,1,28,43,44,29,31,12,0
183,2025-04-22 20:29:39.499,96,66,0,0,5,0,0,0,0,0,0,2,1,1,1,0,10,0,0,8,4,4,7,10,4,2,0,6,5,8,10,3,5,6,0,4,3,1,4,1,6,5,0,9,1,1,3,5,6,3,0,6,6,0,1,4,1,1,0,7,1,1,8,8,1,1,0,10,7,22,24,27,18,16,0,22,21,40,49,46,43,25,10,31,45,57,66,57,47,30,5,1,28,44,45,30,32,12,0
184,2025-04-22 20:29:39.509,96,66,0,0,5,0,0,0,0,0,0,2,1,1,1,0,10,0,0,8,4,5,7,10,4,2,0,6,5,8,10,3,5,6,0,4,3,1,4,1,6,5,0,9,1,1,3,5,6,3,0,6,6,0,1,4,0,1,0,7,1,1,8,8,1,1,0,10,7,22,24,27,18,16,0,22,21,41,49,46,43,25,11,31,45,57,66,58,49,31,5,1,29,45,46,32,32,12,0
185,2025-04-22 20:29:39.520,96,66,0,0,5,0,0,0,0,0,0,2,1,1,1,0,10,0,0,8,4,5,7,10,4,2,0,6,5,8,10,3,5,6,0,4,3,1,4,1,6,5,0,9,1,1,3,5,6,3,0,6,6,0,1,4,0,1,0,7,0,1,8,8,1,1,0,10,7,22,24,27,18,16,0,22,21,41,49,46,43,25,11,31,45,57,66,58,50,31,5,1,29,45,46,33,33,13,0
186,2025-04-22 20:29:39.542,96,66,0,0,5,0,0,0,0,0,0,2,1,1,1,0,10,0,0,8,4,5,7,10,4,2,0,6,5,8,10,3,5,6,0,4,3,1,4,1,6,5,0,9,1,1,3,5,6,3,0,6,6,0,1,4,0,1,0,7,0,1,8,8,1,1,0,10,7,22,24,27,18,16,0,22,21,41,50,46,43,25,11,31,45,57,66,59,50,32,6,1,29,46,47,35,33,13,0
187,2025-04-22 20:29:39.554,96,66,0,0,5,0,0,0,0,0,0,2,1,1,1,0,10,0,0,8,4,5,7,11,4,2,0,6,5,8,10,3,5,6,0,4,3,1,4,1,6,5,0,9,1,1,3,5,6,3,0,6,6,0,1,4,0,1,0,8,0,1,8,8,1,1,0,10,7,21,24,26,18,16,0,22,21,41,50,46,43,25,11,32,45,57,66,60,51,32,6,1,29,46,47,36,34,14,0
188,2025-04-22 20:29:39.562,96,67,0,0,5,0,0,0,0,0,0,2,1,1,1,0,10,0,0,9,4,5,7,11,4,2,0,6,5,8,10,4,5,6,0,4,3,1,4,1,6,5,0,9,1,1,3,5,6,3,0,6,6,0,1,4,0,1,0,8,0,1,7,8,1,1,0,10,7,20,23,25,18,16,0,22,21,41,50,46,43,25,11,32,46,57,67,60,51,33,6,1,30,47,48,38,35,15,0
189,2025-04-22 20:29:39.574,96,67,0,0,5,0,0,0,0,0,0,2,1,1,1,0,10,0,0,9,4,6,7,11,4,2,0,6,5,8,10,4,5,6,0,4,3,1,4,1,6,4,0,9,1,1,3,5,6,3,0,6,6,0,1,4,0,1,0,8,0,1,7,8,1,1,0,9,6,18,20,23,18,16,0,22,21,41,50,46,43,25,11,32,46,57,67,60,52,34,6,1,30,47,48,39,35,15,0
190,2025-04-22 20:29:39.584,96,67,0,0,5,0,0,0,0,0,0,2,1,1,1,0,10,0,0,9,4,6,7,11,4,2,0,6,5,8,10,4,5,6,0,4,4,1,4,1,6,4,0,9,1,1,3,5,6,3,0,6,6,0,1,4,0,1,0,8,0,1,6,7,1,1,0,9,5,17,18,22,18,16,0,21,21,41,50,45,43,25,11,32,46,57,67,60,52,34,6,1,31,47,49,40,36,16,0
191,2025-04-22 20:29:39.594,96,67,0,0,5,0,0,0,0,0,0,2,1,1,1,0,10,0,0,9,5,6,7,11,4,2,0,7,5,8,11,4,5,6,0,4,4,1,4,1,6,4,0,9,1,1,3,5,6,3,0,6,6,0,1,4,0,1,0,8,0,0,5,5,1,1,0,8,4,14,13,20,16,15,0,18,20,38,47,42,43,25,11,32,46,57,67,60,52,34,6,1,31,47,49,41,37,16,0
192,2025-04-22 20:29:39.606,96,67,0,0,5,0,0,0,0,0,0,2,1,1,1,0,10,0,0,9,5,6,7,11,4,3,0,7,5,9,11,5,5,6,0,4,4,1,4,1,6,3,0,9,1,1,3,5,6,3,0,6,6,0,1,4,0,1,0,8,0,0,5,4,1,0,0,8,3,12,11,18,15,14,0,16,18,37,46,40,42,25,11,32,46,57,67,60,52,34,6,1,31,47,50,42,37,16,0
193,2025-04-22 20:29:39.616,96,67,0,0,5,0,0,0,0,0,0,2,1,1,1,0,10,0,0,9,5,6,7,11,4,3,0,8,5,9,12,5,5,6,0,4,4,1,4,1,6,3,0,9,1,1,3,5,6,3,0,6,6,0,1,4,0,1,0,8,0,0,4,4,0,0,0,6,1,8,7,14,11,10,0,13,14,33,42,36,38,23,10,31,44,57,67,60,52,34,6,1,31,47,50,42,37,16,0
194,2025-04-22 20:29:39.626,96,67,0,0,5,0,0,0,0,0,0,2,1,1,1,0,10,0,0,9,5,6,7,11,4,3,0,8,5,9,13,6,5,6,0,4,4,1,4,1,6,3,0,10,1,1,3,5,6,3,0,6,6,0,1,4,0,1,0,8,0,0,4,4,0,0,0,5,1,6,5,11,9,9,0,12,11,30,39,34,36,21,9,30,42,56,67,60,51,34,6,1,31,47,50,42,37,16,0
195,2025-04-22 20:29:39.638,96,64,0,0,5,0,0,0,0,0,0,3,1,1,1,0,12,1,0,10,5,6,7,11,4,4,0,9,5,9,14,6,5,6,0,4,4,1,4,1,6,3,0,10,1,1,3,5,5,3,0,7,6,0,1,4,0,1,0,8,0,0,4,4,0,0,0,5,0,3,1,7,7,7,0,10,6,23,32,28,30,17,7,27,37,52,64,58,49,33,6,1,31,47,50,42,37,16,0
196,2025-04-22 20:29:39.648,96,61,0,0,5,1,0,0,0,0,0,5,1,1,1,1,14,1,0,11,5,7,7,11,4,4,0,9,5,9,14,7,5,6,0,4,4,1,4,1,6,3,0,11,1,1,3,5,4,3,0,8,6,1,1,4,0,1,0,8,0,0,4,3,0,0,0,5,0,3,1,5,6,6,0,9,1,18,28,25,27,14,6,25,34,50,61,57,47,31,6,1,30,46,50,42,37,16,0
197,2025-04-22 20:29:39.658,96,55,0,0,5,1,0,0,0,0,0,5,1,1,1,1,14,1,0,11,5,7,7,11,5,4,1,10,5,9,15,7,5,6,0,4,5,1,4,1,6,3,0,11,3,1,3,4,3,3,0,8,6,1,1,3,0,1,0,8,0,0,3,3,0,0,0,5,0,3,0,1,4,5,0,8,0,10,19,17,20,9,4,20,28,44,55,53,44,27,4,1,28,44,48,40,37,16,0
198,2025-04-22 20:29:39.670,96,48,0,0,5,1,0,0,1,0,0,6,2,1,1,1,15,1,0,13,6,8,7,11,5,4,1,11,7,9,17,9,5,6,0,4,6,1,4,1,6,3,0,12,3,1,3,4,3,3,0,9,6,1,1,3,0,1,0,8,0,1,3,3,0,0,0,5,0,3,0,1,1,4,0,7,0,1,12,11,13,5,0,15,22,36,47,48,38,21,3,1,25,42,45,36,35,16,0
199,2025-04-22 20:29:39.680,96,44,0,0,6,1,0,0,1,0,0,6,2,1,1,1,15,1,0,14,6,9,7,11,6,5,1,11,8,9,17,10,6,6,0,4,7,2,4,1,6,3,0,12,3,1,3,4,3,3,0,9,6,1,1,3,0,1,0,8,0,1,3,3,0,0,0,5,0,3,0,0,1,4,0,7,0,1,9,9,10,1,0,13,19,31,42,44,35,18,1,1,23,41,43,34,34,16,0
200,2025-04-22 20:29:39.691,96,40,0,0,6,1,0,0,1,0,0,6,3,1,1,1,15,1,0,15,7,10,7,11,7,5,1,12,10,9,18,12,6,6,0,6,8,3,4,2,7,3,0,12,4,2,3,4,3,3,0,9,7,1,1,3,0,1,0,9,0,1,1,3,0,0,0,5,0,3,0,0,0,4,0,7,0,0,5,5,5,0,0,8,14,22,32,34,29,12,0,1,17,38,40,30,30,15,0
201,2025-04-22 20:29:39.713,96,38,0,0,6,1,0,0,1,0,0,6,4,1,1,1,15,1,0,16,7,11,7,11,8,5,1,13,11,9,18,13,6,6,0,6,9,4,4,2,7,3,0,13,4,3,3,4,3,3,0,9,7,1,1,3,0,1,0,9,0,1,1,3,0,0,0,5,0,3,0,0,0,3,0,7,0,0,4,4,1,0,0,6,12,18,27,30,25,9,0,1,14,36,38,28,28,14,0
202,2025-04-22 20:29:39.724,96,32,0,0,6,1,1,0,2,1,0,7,5,1,1,1,15,1,0,18,8,12,7,11,8,5,2,14,13,9,18,14,7,6,0,7,11,5,4,4,9,3,0,13,5,5,3,4,3,3,0,9,8,1,1,3,0,1,0,10,0,0,1,3,0,0,0,5,0,3,0,0,0,3,0,7,0,0,3,0,0,0,0,4,8,12,18,20,17,0,0,0,8,31,32,24,25,12,0
203,2025-04-22 20:29:39.733,96,29,0,0,6,1,1,0,2,1,0,7,5,1,1,1,17,2,0,20,9,13,7,11,9,6,2,15,14,9,19,15,8,6,0,7,11,5,4,4,9,3,0,13,6,6,3,4,3,3,0,10,9,1,1,3,1,1,0,10,0,0,1,3,1,0,0,5,0,3,0,0,1,3,0,7,0,0,3,0,0,0,0,4,6,10,14,15,13,0,0,0,1,28,29,22,23,11,0
204,2025-04-22 20:29:39.743,96,23,0,0,6,1,1,0,2,1,0,8,5,1,1,1,17,2,0,20,9,15,7,11,10,7,2,15,16,10,19,15,10,6,0,8,13,6,4,5,10,4,1,14,7,8,3,5,3,3,0,11,10,1,1,3,1,1,0,12,0,0,1,3,1,0,0,5,1,3,0,0,1,3,0,7,0,1,3,0,0,0,0,4,1,6,1,0,1,0,0,0,0,20,23,17,19,9,0
205,2025-04-22 20:29:39.754,96,20,0,0,6,1,1,0,4,1,0,8,5,3,1,1,18,3,0,20,10,16,9,11,11,8,2,16,17,11,19,16,11,6,0,9,13,7,4,5,12,5,1,14,8,10,3,6,4,3,0,11,11,2,1,3,1,1,0,14,1,0,1,3,1,0,0,7,1,3,0,0,1,3,0,7,0,1,3,0,0,0,0,4,0,3,0,0,0,0,0,0,0,12,17,14,17,8,0
206,2025-04-22 20:29:39.765,96,20,0,0,6,1,1,0,4,1,0,9,5,4,1,1,18,4,0,20,10,16,9,12,11,9,2,16,18,11,19,17,12,6,1,9,14,8,4,5,12,6,1,15,8,10,3,6,4,3,0,12,11,2,1,3,1,1,0,14,1,1,1,3,1,0,0,7,1,3,0,0,1,3,0,7,0,1,3,0,0,0,0,4,0,3,0,0,0,0,0,0,0,1,14,8,13,5,0
207,2025-04-22 20:29:39.775,96,20,0,0,6,1,1,0,5,1,0,9,5,6,2,1,19,4,1,20,10,17,10,14,12,10,4,16,19,13,19,17,14,7,1,9,15,9,4,5,13,7,1,17,8,11,4,7,5,4,0,12,13,3,1,3,1,1,0,15,1,1,1,3,1,0,0,8,1,3,1,0,1,3,0,7,0,1,3,0,0,0,0,4,0,1,0,0,0,0,0,0,0,0,8,1,9,1,0
208,2025-04-22 20:29:39.786,96,20,0,0,6,1,1,0,5,1,0,9,6,6,2,1,19,4,1,20,10,18,10,15,12,10,5,16,19,14,19,18,14,7,1,9,15,10,4,5,13,7,1,18,8,11,5,7,5,4,0,13,14,4,1,3,1,2,0,15,1,1,1,3,1,0,0,8,1,3,1,0,1,3,0,7,0,1,1,0,0,0,0,4,0,0,0,0,0,0,0,0,0,0,1,0,7,1,0
209,2025-04-22 20:29:39.797,96,21,0,0,6,1,1,0,6,1,0,10,6,6,2,1,19,4,1,21,10,19,10,16,12,11,5,17,20,15,20,18,15,8,1,9,16,11,5,5,13,7,1,18,8,12,5,7,6,4,0,14,15,4,1,3,1,2,0,15,1,1,1,3,1,0,0,8,1,4,1,0,1,3,0,8,0,0,0,0,0,0,0,4,0,0,0,0,0,0,0,0,0,0,0,0,4,0,0
210,2025-04-22 20:29:39.807,96,21,0,0,6,1,1,0,6,2,0,10,7,6,2,1,19,4,1,21,10,19,10,17,13,11,5,17,20,16,21,18,16,8,1,9,16,11,5,5,14,7,2,18,8,13,6,7,6,5,0,15,15,4,1,3,1,2,0,15,1,1,1,3,1,0,0,8,1,4,1,0,1,3,0,9,0,0,0,0,0,0,0,4,0,0,0,0,0,0,0,0,0,0,0,0,1,0,0
211,2025-04-22 20:29:39.818,96,22,0,0,6,1,1,0,6,2,0,11,8,6,2,1,20,4,1,21,10,19,11,17,13,11,5,17,21,17,22,19,16,8,1,9,17,12,5,6,14,7,3,19,8,13,6,8,6,5,0,15,15,4,1,3,1,2,0,15,1,1,1,3,1,0,0,8,1,5,1,0,1,3,0,9,0,0,0,0,0,0,0,4,0,0,0,0,0,0,0,0,0,0,0,0,0,0,0
212,2025-04-22 20:29:39.830,96,22,0,0,6,1,1,0,6,2,0,11,8,7,2,1,20,5,1,21,11,19,11,17,14,11,5,17,21,17,22,20,16,9,1,9,17,12,5,6,14,8,3,19,9,13,6,9,6,5,0,15,15,4,1,3,1,2,0,15,1,1,1,3,1,0,0,8,1,5,1,0,1,1,0,9,0,1,0,0,0,0,0,4,0,0,0,0,0,0,0,0,0,0,0,0,0,0,0
213,2025-04-22 20:29:39.840,96,23,0,0,6,2,1,0,6,2,0,11,8,7,2,1,20,5,1,21,11,20,11,17,14,11,5,17,21,17,23,20,17,9,1,9,18,13,6,6,14,8,3,19,9,14,6,9,6,6,0,15,15,5,1,3,1,2,0,15,1,1,1,3,1,0,0,8,2,5,1,0,1,1,0,9,0,1,0,0,0,0,0,4,1,0,0,0,0,0,0,0,0,0,0,0,0,0,0
214,2025-04-22 20:29:39.850,96,23,0,0,6,2,1,0,6,2,0,11,8,7,2,1,20,5,1,21,11,20,12,17,14,11,5,17,21,18,23,20,17,9,1,9,18,13,6,6,14,9,3,19,10,14,6,10,7,6,0,15,15,5,1,3,2,2,0,15,1,1,1,3,1,0,0,8,2,5,1,0,1,1,0,9,0,1,0,0,0,0,0,4,1,0,0,0,0,0,0,0,0,0,0,0,0,0,0
215,2025-04-22 20:29:39.861,96,23,0,0,6,2,1,0,6,2,0,11,8,7,2,1,20,5,1,21,11,20,12,17,14,11,5,17,21,18,23,20,17,9,1,9,18,13,6,7,14,9,3,19,10,14,7,10,7,6,0,15,15,5,1,3,2,2,0,15,1,1,2,3,1,0,0,8,2,5,1,0,1,1,0,9,0,1,0,0,0,0,0,4,0,0,0,0,0,0,0,0,0,0,0,0,0,0,0
216,2025-04-22 20:29:39.871,96,23,0,0,6,2,1,0,6,2,0,11,8,7,2,1,20,5,1,21,11,20,12,17,14,11,5,17,21,18,23,20,17,9,1,9,18,13,6,7,14,9,3,19,10,14,7,10,7,6,0,15,15,5,1,3,2,2,0,15,1,1,2,3,1,0,0,9,2,5,1,0,1,1,0,9,0,1,0,0,0,0,0,4,0,0,0,0,0,0,0,0,0,0,0,0,0,0,0
217,2025-04-22 20:29:39.892,96,23,0,0,6,2,1,0,6,2,0,11,8,7,2,1,20,5,1,21,11,20,12,17,14,11,5,17,21,18,23,20,17,9,1,9,18,13,6,7,14,9,3,19,10,14,7,10,7,6,0,15,15,5,1,3,2,2,0,15,1,1,2,3,1,0,0,9,2,6,1,0,1,1,0,9,1,1,0,0,0,0,0,4,0,0,0,0,0,0,0,0,0,0,0,0,0,0,0
218,2025-04-22 20:29:39.902,96,23,0,0,6,2,1,0,6,2,0,11,8,7,2,1,20,5,1,21,11,20,12,17,14,11,5,17,21,18,23,20,17,9,1,9,18,13,6,7,14,9,3,19,10,14,7,10,7,6,0,15,15,5,1,3,2,2,0,15,1,1,2,3,1,0,0,9,2,6,1,0,1,1,0,9,0,1,0,0,0,0,0,4,0,0,0,0,0,0,0,0,0,0,0,0,0,0,0
219,2025-04-22 20:29:39.913,96,23,0,0,6,2,1,0,6,2,0,11,8,7,2,1,20,5,0,21,11,20,12,17,14,11,5,17,21,18,23,20,17,9,1,9,18,13,6,7,14,9,3,19,10,14,7,10,7,6,0,15,15,5,1,3,2,2,0,15,1,1,2,3,1,0,0,9,2,6,1,0,1,1,0,9,0,1,0,0,0,0,0,4,0,0,0,0,0,0,0,0,0,0,0,0,0,0,0
220,2025-04-22 20:29:39.923,96,23,0,0,6,2,1,0,6,2,0,10,8,7,2,1,20,5,0,21,11,19,11,17,14,11,5,17,21,18,23,20,17,9,1,9,17,13,6,7,14,9,3,19,10,14,7,10,7,6,0,15,15,5,1,3,2,2,0,15,1,1,2,3,1,0,0,9,2,6,1,0,1,1,0,9,0,0,0,0,0,0,0,3,0,0,0,0,0,0,0,0,0,0,0,0,0,0,0
221,2025-04-22 20:29:39.934,96,21,0,0,6,2,1,0,6,1,0,9,7,7,2,1,20,5,0,20,11,18,11,16,14,11,5,17,19,17,21,18,17,9,0,9,16,12,6,7,14,9,1,19,8,12,7,10,7,6,0,15,14,5,1,3,2,2,0,15,1,0,2,3,1,0,0,9,2,6,1,0,1,1,0,9,0,0,0,0,0,0,0,1,0,0,0,0,0,0,0,0,0,0,0,0,0,0,0
222,2025-04-22 20:29:39.944,96,21,0,0,6,1,0,0,4,0,0,9,6,6,2,1,20,5,0,18,10,17,10,14,14,11,5,16,18,16,21,17,16,9,0,9,15,11,6,7,14,9,1,18,8,11,7,9,7,6,0,15,13,5,1,3,2,2,0,15,1,0,2,3,1,0,0,9,2,6,1,0,1,1,0,9,0,0,0,0,0,0,0,0,0,0,0,0,0,0,0,0,0,0,0,0,0,0,0
223,2025-04-22 20:29:39.955,96,20,0,0,6,1,0,0,4,0,0,8,6,5,2,1,20,4,0,18,10,16,10,13,13,10,5,15,16,14,19,15,14,8,0,9,12,10,5,7,14,8,0,17,7,10,6,9,7,6,0,14,11,4,1,3,2,2,0,13,1,0,2,3,1,0,0,9,2,6,1,0,0,1,0,9,0,0,0,0,0,0,0,0,0,0,0,0,0,0,0,0,0,0,0,0,0,0,0
224,2025-04-22 20:29:39.964,96,18,0,0,5,0,0,0,1,0,0,7,6,4,2,1,18,4,0,16,9,14,9,11,12,9,4,14,14,12,17,15,13,8,0,9,10,9,5,7,13,6,0,15,6,9,5,8,7,6,0,12,10,4,1,3,2,2,0,12,0,0,2,3,1,0,0,9,2,5,1,0,0,1,0,9,0,0,0,0,0,0,0,0,0,0,0,0,0,0,0,0,0,0,0,0,0,0,0
225,2025-04-22 20:29:39.976,96,17,0,0,4,0,0,0,0,0,0,7,5,4,2,1,17,4,0,15,8,13,9,9,12,9,3,12,12,10,16,14,11,8,0,9,8,7,4,6,11,5,0,13,4,8,4,6,7,5,0,10,9,3,1,3,2,1,0,10,0,0,2,3,1,0,0,9,2,4,1,0,0,1,0,7,0,0,0,0,0,0,0,0,0,0,0,0,0,0,0,0,0,0,0,0,0,0,0
226,2025-04-22 20:29:39.986,96,17,0,0,4,0,0,0,0,0,0,6,4,4,2,1,17,4,0,14,7,12,9,9,12,8,1,11,11,9,15,14,11,8,0,8,7,6,3,5,11,5,0,13,4,8,4,5,6,5,0,9,9,3,1,3,1,1,0,9,0,0,2,3,1,0,0,8,2,4,1,0,0,1,0,7,0,0,0,0,0,0,0,0,0,0,0,0,0,0,0,0,0,0,0,0,0,0,0
227,2025-04-22 20:29:39.997,96,17,0,0,3,0,0,0,0,0,0,5,4,3,2,1,17,3,0,13,6,11,8,9,11,7,0,9,9,7,13,13,9,7,0,7,5,4,3,3,10,4,0,11,4,7,3,4,5,5,0,8,7,3,1,1,1,0,0,6,0,0,2,3,0,0,0,7,1,3,1,0,1,1,0,6,0,0,1,0,0,0,0,0,0,0,1,0,0,0,0,0,0,0,0,0,0,0,0
228,2025-04-22 20:29:40.007,96,17,0,0,3,0,0,0,0,0,0,4,3,1,2,1,17,3,0,12,6,10,7,9,9,7,0,7,7,5,11,12,9,7,0,5,3,1,1,1,10,4,0,9,3,5,3,4,3,4,0,6,6,1,1,1,1,0,0,5,0,0,2,1,0,0,0,6,0,3,1,0,1,1,0,6,0,0,1,0,0,0,0,0,0,0,1,0,1,0,0,0,0,0,0,0,0,0,0
229,2025-04-22 20:29:40.029,96,16,0,0,3,0,0,0,0,0,0,4,1,0,1,1,16,1,0,11,5,9,7,8,7,6,0,6,5,5,10,11,8,7,0,4,1,0,1,1,9,4,0,8,3,4,1,3,3,4,0,5,6,1,1,1,0,1,0,5,0,0,2,1,0,0,0,6,0,3,1,0,1,1,0,6,0,0,1,0,0,0,0,0,0,0,1,0,1,0,0,0,0,0,0,0,0,0,0
230,2025-04-22 20:29:40.040,96,16,0,0,3,0,0,0,0,0,0,3,1,0,0,1,16,1,0,10,5,8,7,8,6,6,0,6,4,4,10,10,8,6,0,3,1,0,1,1,8,3,0,7,1,3,1,3,3,4,0,4,5,1,0,1,0,0,0,4,0,0,2,1,0,0,0,4,0,1,0,0,0,1,0,4,0,0,1,0,0,0,0,0,0,0,1,1,1,0,0,0,0,0,0,0,0,0,0
231,2025-04-22 20:29:40.050,96,14,0,0,1,0,0,0,0,0,0,1,1,0,0,0,14,0,0,9,4,7,6,6,5,6,0,4,1,3,9,9,7,6,0,0,0,0,1,0,6,1,0,5,1,1,1,1,1,1,0,1,1,0,0,0,0,0,0,3,0,0,1,0,0,0,0,0,0,0,0,0,0,0,0,0,0,0,0,0,0,0,0,0,0,0,0,0,0,0,0,0,0,0,0,0,0,0,0
232,2025-04-22 20:29:40.061,96,11,0,0,0,0,0,0,0,0,0,0,0,0,0,0,11,0,0,6,3,4,4,4,5,4,0,1,0,1,6,6,5,4,0,0,0,0,0,0,1,0,0,3,0,0,0,0,0,0,0,0,0,0,0,0,0,0,0,1,0,0,0,0,0,0,0,0,0,0,0,0,0,0,0,0,0,0,0,0,0,0,0,0,0,0,0,0,0,0,0,0,0,0,0,0,0,0,0
233,2025-04-22 20:29:40.071,96,8,0,0,0,0,0,0,0,0,0,0,0,0,0,0,8,0,0,1,0,0,1,1,3,1,0,0,0,0,1,1,3,1,0,0,0,0,0,0,0,0,0,0,0,0,0,0,0,0,0,0,0,0,0,0,0,0,0,0,0,0,0,0,0,0,0,0,0,0,0,0,0,0,0,0,0,0,0,0,0,0,0,0,0,0,0,0,0,0,0,0,0,0,0,0,0,0,0
234,2025-04-22 20:29:40.082,96,5,0,0,0,0,0,0,0,0,0,0,0,0,0,0,5,0,0,0,0,0,0,0,0,0,0,0,0,0,0,0,0,0,0,0,0,0,0,0,0,0,0,0,0,0,0,0,0,0,0,0,0,0,0,0,0,0,0,0,0,0,0,0,0,0,0,0,0,0,0,0,0,0,0,0,0,0,0,0,0,0,0,0,0,0,0,0,0,0,0,0,0,0,0,0,0,0,0
235,2025-04-22 20:29:40.092,96,1,0,0,0,0,0,0,0,0,0,0,0,0,0,0,1,0,0,0,0,0,0,0,0,0,0,0,0,0,0,0,0,0,0,0,0,0,0,0,0,0,0,0,0,0,0,0,0,0,0,0,0,0,0,0,0,0,0,0,0,0,0,0,0,0,0,0,0,0,0,0,0,0,0,0,0,0,0,0,0,0,0,0,0,0,0,0,0,0,0,0,0,0,0,0,0,0,0
236,2025-04-22 20:29:40.103,96,0,0,0,0,0,0,0,0,0,0,0,0,0,0,0,0,0,0,0,0,0,0,0,0,0,0,0,0,0,0,0,0,0,0,0,0,0,0,0,0,0,0,0,0,0,0,0,0,0,0,0,0,0,0,0,0,0,0,0,0,0,0,0,0,0,0,0,0,0,0,0,0,0,0,0,0,0,0,0,0,0,0,0,0,0,0,0,0,0,0,0,0,0,0,0,0,0,0
237,2025-04-22 20:29:40.113,96,0,0,0,0,0,0,0,0,0,0,0,0,0,0,0,0,0,0,0,0,0,0,0,0,0,0,0,0,0,0,0,0,0,0,0,0,0,0,0,0,0,0,0,0,0,0,0,0,0,0,0,0,0,0,0,0,0,0,0,0,0,0,0,0,0,0,0,0,0,0,0,0,0,0,0,0,0,0,0,0,0,0,0,0,0,0,0,0,0,0,0,0,0,0,0,0,0,0
238,2025-04-22 20:29:40.124,96,0,0,0,0,0,0,0,0,0,0,0,0,0,0,0,0,0,0,0,0,0,0,0,0,0,0,0,0,0,0,0,0,0,0,0,0,0,0,0,0,0,0,0,0,0,0,0,0,0,0,0,0,0,0,0,0,0,0,0,0,0,0,0,0,0,0,0,0,0,0,0,0,0,0,0,0,0,0,0,0,0,0,0,0,0,0,0,0,0,0,0,0,0,0,0,0,0,0
239,2025-04-22 20:29:40.134,96,0,0,0,0,0,0,0,0,0,0,0,0,0,0,0,0,0,0,0,0,0,0,0,0,0,0,0,0,0,0,0,0,0,0,0,0,0,0,0,0,0,0,0,0,0,0,0,0,0,0,0,0,0,0,0,0,0,0,0,0,0,0,0,0,0,0,0,0,0,0,0,0,0,0,0,0,0,0,0,0,0,0,0,0,0,0,0,0,0,0,0,0,0,0,0,0,0,0
240,2025-04-22 20:29:40.145,96,0,0,0,0,0,0,0,0,0,0,0,0,0,0,0,0,0,0,0,0,0,0,0,0,0,0,0,0,0,0,0,0,0,0,0,0,0,0,0,0,0,0,0,0,0,0,0,0,0,0,0,0,0,0,0,0,0,0,0,0,0,0,0,0,0,0,0,0,0,0,0,0,0,0,0,0,0,0,0,0,0,0,0,0,0,0,0,0,0,0,0,0,0,0,0,0,0,0
241,2025-04-22 20:29:40.165,96,0,0,0,0,0,0,0,0,0,0,0,0,0,0,0,0,0,0,0,0,0,0,0,0,0,0,0,0,0,0,0,0,0,0,0,0,0,0,0,0,0,0,0,0,0,0,0,0,0,0,0,0,0,0,0,0,0,0,0,0,0,0,0,0,0,0,0,0,0,0,0,0,0,0,0,0,0,0,0,0,0,0,0,0,0,0,0,0,0,0,0,0,0,0,0,0,0,0
242,2025-04-22 20:29:40.176,96,0,0,0,0,0,0,0,0,0,0,0,0,0,0,0,0,0,0,0,0,0,0,0,0,0,0,0,0,0,0,0,0,0,0,0,0,0,0,0,0,0,0,0,0,0,0,0,0,0,0,0,0,0,0,0,0,0,0,0,0,0,0,0,0,0,0,0,0,0,0,0,0,0,0,0,0,0,0,0,0,0,0,0,0,0,0,0,0,0,0,0,0,0,0,0,0,0,0
243,2025-04-22 20:29:40.186,96,0,0,0,0,0,0,0,0,0,0,0,0,0,0,0,0,0,0,0,0,0,0,0,0,0,0,0,0,0,0,0,0,0,0,0,0,0,0,0,0,0,0,0,0,0,0,0,0,0,0,0,0,0,0,0,0,0,0,0,0,0,0,0,0,0,0,0,0,0,0,0,0,0,0,0,0,0,0,0,0,0,0,0,0,0,0,0,0,0,0,0,0,0,0,0,0,0,0
244,2025-04-22 20:29:40.196,96,0,0,0,0,0,0,0,0,0,0,0,0,0,0,0,0,0,0,0,0,0,0,0,0,0,0,0,0,0,0,0,0,0,0,0,0,0,0,0,0,0,0,0,0,0,0,0,0,0,0,0,0,0,0,0,0,0,0,0,0,0,0,0,0,0,0,0,0,0,0,0,0,0,0,0,0,0,0,0,0,0,0,0,0,0,0,0,0,0,0,0,0,0,0,0,0,0,0
245,2025-04-22 20:29:40.206,96,0,0,0,0,0,0,0,0,0,0,0,0,0,0,0,0,0,0,0,0,0,0,0,0,0,0,0,0,0,0,0,0,0,0,0,0,0,0,0,0,0,0,0,0,0,0,0,0,0,0,0,0,0,0,0,0,0,0,0,0,0,0,0,0,0,0,0,0,0,0,0,0,0,0,0,0,0,0,0,0,0,0,0,0,0,0,0,0,0,0,0,0,0,0,0,0,0,0
246,2025-04-22 20:29:40.219,96,0,0,0,0,0,0,0,0,0,0,0,0,0,0,0,0,0,0,0,0,0,0,0,0,0,0,0,0,0,0,0,0,0,0,0,0,0,0,0,0,0,0,0,0,0,0,0,0,0,0,0,0,0,0,0,0,0,0,0,0,0,0,0,0,0,0,0,0,0,0,0,0,0,0,0,0,0,0,0,0,0,0,0,0,0,0,0,0,0,0,0,0,0,0,0,0,0,0
247,2025-04-22 20:29:40.228,96,0,0,0,0,0,0,0,0,0,0,0,0,0,0,0,0,0,0,0,0,0,0,0,0,0,0,0,0,0,0,0,0,0,0,0,0,0,0,0,0,0,0,0,0,0,0,0,0,0,0,0,0,0,0,0,0,0,0,0,0,0,0,0,0,0,0,0,0,0,0,0,0,0,0,0,0,0,0,0,0,0,0,0,0,0,0,0,0,0,0,0,0,0,0,0,0,0,0
248,2025-04-22 20:29:40.240,96,0,0,0,0,0,0,0,0,0,0,0,0,0,0,0,0,0,0,0,0,0,0,0,0,0,0,0,0,0,0,0,0,0,0,0,0,0,0,0,0,0,0,0,0,0,0,0,0,0,0,0,0,0,0,0,0,0,0,0,0,0,0,0,0,0,0,0,0,0,0,0,0,0,0,0,0,0,0,0,0,0,0,0,0,0,0,0,0,0,0,0,0,0,0,0,0,0,0
249,2025-04-22 20:29:40.250,96,0,0,0,0,0,0,0,0,0,0,0,0,0,0,0,0,0,0,0,0,0,0,0,0,0,0,0,0,0,0,0,0,0,0,0,0,0,0,0,0,0,0,0,0,0,0,0,0,0,0,0,0,0,0,0,0,0,0,0,0,0,0,0,0,0,0,0,0,0,0,0,0,0,0,0,0,0,0,0,0,0,0,0,0,0,0,0,0,0,0,0,0,0,0,0,0,0,0
250,2025-04-22 20:29:40.262,96,0,0,0,0,0,0,0,0,0,0,0,0,0,0,0,0,0,0,0,0,0,0,0,0,0,0,0,0,0,0,0,0,0,0,0,0,0,0,0,0,0,0,0,0,0,0,0,0,0,0,0,0,0,0,0,0,0,0,0,0,0,0,0,0,0,0,0,0,0,0,0,0,0,0,0,0,0,0,0,0,0,0,0,0,0,0,0,0,0,0,0,0,0,0,0,0,0,0
251,2025-04-22 20:29:40.272,96,0,0,0,0,0,0,0,0,0,0,0,0,0,0,0,0,0,0,0,0,0,0,0,0,0,0,0,0,0,0,0,0,0,0,0,0,0,0,0,0,0,0,0,0,0,0,0,0,0,0,0,0,0,0,0,0,0,0,0,0,0,0,0,0,0,0,0,0,0,0,0,0,0,0,0,0,0,0,0,0,0,0,0,0,0,0,0,0,0,0,0,0,0,0,0,0,0,0
252,2025-04-22 20:29:40.282,96,0,0,0,0,0,0,0,0,0,0,0,0,0,0,0,0,0,0,0,0,0,0,0,0,0,0,0,0,0,0,0,0,0,0,0,0,0,0,0,0,0,0,0,0,0,0,0,0,0,0,0,0,0,0,0,0,0,0,0,0,0,0,0,0,0,0,0,0,0,0,0,0,0,0,0,0,0,0,0,0,0,0,0,0,0,0,0,0,0,0,0,0,0,0,0,0,0,0
253,2025-04-22 20:29:40.293,96,0,0,0,0,0,0,0,0,0,0,0,0,0,0,0,0,0,0,0,0,0,0,0,0,0,0,0,0,0,0,0,0,0,0,0,0,0,0,0,0,0,0,0,0,0,0,0,0,0,0,0,0,0,0,0,0,0,0,0,0,0,0,0,0,0,0,0,0,0,0,0,0,0,0,0,0,0,0,0,0,0,0,0,0,0,0,0,0,0,0,0,0,0,0,0,0,0,0
254,2025-04-22 20:29:40.315,96,0,0,0,0,0,0,0,0,0,0,0,0,0,0,0,0,0,0,0,0,0,0,0,0,0,0,0,0,0,0,0,0,0,0,0,0,0,0,0,0,0,0,0,0,0,0,0,0,0,0,0,0,0,0,0,0,0,0,0,0,0,0,0,0,0,0,0,0,0,0,0,0,0,0,0,0,0,0,0,0,0,0,0,0,0,0,0,0,0,0,0,0,0,0,0,0,0,0
255,2025-04-22 20:29:40.325,96,0,0,0,0,0,0,0,0,0,0,0,0,0,0,0,0,0,0,0,0,0,0,0,0,0,0,0,0,0,0,0,0,0,0,0,0,0,0,0,0,0,0,0,0,0,0,0,0,0,0,0,0,0,0,0,0,0,0,0,0,0,0,0,0,0,0,0,0,0,0,0,0,0,0,0,0,0,0,0,0,0,0,0,0,0,0,0,0,0,0,0,0,0,0,0,0,0,0
256,2025-04-22 20:29:40.334,96,0,0,0,0,0,0,0,0,0,0,0,0,0,0,0,0,0,0,0,0,0,0,0,0,0,0,0,0,0,0,0,0,0,0,0,0,0,0,0,0,0,0,0,0,0,0,0,0,0,0,0,0,0,0,0,0,0,0,0,0,0,0,0,0,0,0,0,0,0,0,0,0,0,0,0,0,0,0,0,0,0,0,0,0,0,0,0,0,0,0,0,0,0,0,0,0,0,0
257,2025-04-22 20:29:40.346,96,0,0,0,0,0,0,0,0,0,0,0,0,0,0,0,0,0,0,0,0,0,0,0,0,0,0,0,0,0,0,0,0,0,0,0,0,0,0,0,0,0,0,0,0,0,0,0,0,0,0,0,0,0,0,0,0,0,0,0,0,0,0,0,0,0,0,0,0,0,0,0,0,0,0,0,0,0,0,0,0,0,0,0,0,0,0,0,0,0,0,0,0,0,0,0,0,0,0
258,2025-04-22 20:29:40.358,96,0,0,0,0,0,0,0,0,0,0,0,0,0,0,0,0,0,0,0,0,0,0,0,0,0,0,0,0,0,0,0,0,0,0,0,0,0,0,0,0,0,0,0,0,0,0,0,0,0,0,0,0,0,0,0,0,0,0,0,0,0,0,0,0,0,0,0,0,0,0,0,0,0,0,0,0,0,0,0,0,0,0,0,0,0,0,0,0,0,0,0,0,0,0,0,0,0,0
259,2025-04-22 20:29:40.369,96,0,0,0,0,0,0,0,0,0,0,0,0,0,0,0,0,0,0,0,0,0,0,0,0,0,0,0,0,0,0,0,0,0,0,0,0,0,0,0,0,0,0,0,0,0,0,0,0,0,0,0,0,0,0,0,0,0,0,0,0,0,0,0,0,0,0,0,0,0,0,0,0,0,0,0,0,0,0,0,0,0,0,0,0,0,0,0,0,0,0,0,0,0,0,0,0,0,0
260,2025-04-22 20:29:40.377,96,0,0,0,0,0,0,0,0,0,0,0,0,0,0,0,0,0,0,0,0,0,0,0,0,0,0,0,0,0,0,0,0,0,0,0,0,0,0,0,0,0,0,0,0,0,0,0,0,0,0,0,0,0,0,0,0,0,0,0,0,0,0,0,0,0,0,0,0,0,0,0,0,0,0,0,0,0,0,0,0,0,0,0,0,0,0,0,0,0,0,0,0,0,0,0,0,0,0
261,2025-04-22 20:29:40.388,96,0,0,0,0,0,0,0,0,0,0,0,0,0,0,0,0,0,0,0,0,0,0,0,0,0,0,0,0,0,0,0,0,0,0,0,0,0,0,0,0,0,0,0,0,0,0,0,0,0,0,0,0,0,0,0,0,0,0,0,0,0,0,0,0,0,0,0,0,0,0,0,0,0,0,0,0,0,0,0,0,0,0,0,0,0,0,0,0,0,0,0,0,0,0,0,0,0,0
262,2025-04-22 20:29:40.400,96,0,0,0,0,0,0,0,0,0,0,0,0,0,0,0,0,0,0,0,0,0,0,0,0,0,0,0,0,0,0,0,0,0,0,0,0,0,0,0,0,0,0,0,0,0,0,0,0,0,0,0,0,0,0,0,0,0,0,0,0,0,0,0,0,0,0,0,0,0,0,0,0,0,0,0,0,0,0,0,0,0,0,0,0,0,0,0,0,0,0,0,0,0,0,0,0,0,0
263,2025-04-22 20:29:40.409,96,0,0,0,0,0,0,0,0,0,0,0,0,0,0,0,0,0,0,0,0,0,0,0,0,0,0,0,0,0,0,0,0,0,0,0,0,0,0,0,0,0,0,0,0,0,0,0,0,0,0,0,0,0,0,0,0,0,0,0,0,0,0,0,0,0,0,0,0,0,0,0,0,0,0,0,0,0,0,0,0,0,0,0,0,0,0,0,0,0,0,0,0,0,0,0,0,0,0
264,2025-04-22 20:29:40.419,96,0,0,0,0,0,0,0,0,0,0,0,0,0,0,0,0,0,0,0,0,0,0,0,0,0,0,0,0,0,0,0,0,0,0,0,0,0,0,0,0,0,0,0,0,0,0,0,0,0,0,0,0,0,0,0,0,0,0,0,0,0,0,0,0,0,0,0,0,0,0,0,0,0,0,0,0,0,0,0,0,0,0,0,0,0,0,0,0,0,0,0,0,0,0,0,0,0,0
265,2025-04-22 20:29:40.429,96,0,0,0,0,0,0,0,0,0,0,0,0,0,0,0,0,0,0,0,0,0,0,0,0,0,0,0,0,0,0,0,0,0,0,0,0,0,0,0,0,0,0,0,0,0,0,0,0,0,0,0,0,0,0,0,0,0,0,0,0,0,0,0,0,0,0,0,0,0,0,0,0,0,0,0,0,0,0,0,0,0,0,0,0,0,0,0,0,0,0,0,0,0,0,0,0,0,0
266,2025-04-22 20:29:40.449,96,0,0,0,0,0,0,0,0,0,0,0,0,0,0,0,0,0,0,0,0,0,0,0,0,0,0,0,0,0,0,0,0,0,0,0,0,0,0,0,0,0,0,0,0,0,0,0,0,0,0,0,0,0,0,0,0,0,0,0,0,0,0,0,0,0,0,0,0,0,0,0,0,0,0,0,0,0,0,0,0,0,0,0,0,0,0,0,0,0,0,0,0,0,0,0,0,0,0
267,2025-04-22 20:29:40.461,96,0,0,0,0,0,0,0,0,0,0,0,0,0,0,0,0,0,0,0,0,0,0,0,0,0,0,0,0,0,0,0,0,0,0,0,0,0,0,0,0,0,0,0,0,0,0,0,0,0,0,0,0,0,0,0,0,0,0,0,0,0,0,0,0,0,0,0,0,0,0,0,0,0,0,0,0,0,0,0,0,0,0,0,0,0,0,0,0,0,0,0,0,0,0,0,0,0,0
268,2025-04-22 20:29:40.471,96,0,0,0,0,0,0,0,0,0,0,0,0,0,0,0,0,0,0,0,0,0,0,0,0,0,0,0,0,0,0,0,0,0,0,0,0,0,0,0,0,0,0,0,0,0,0,0,0,0,0,0,0,0,0,0,0,0,0,0,0,0,0,0,0,0,0,0,0,0,0,0,0,0,0,0,0,0,0,0,0,0,0,0,0,0,0,0,0,0,0,0,0,0,0,0,0,0,0
269,2025-04-22 20:29:40.483,96,0,0,0,0,0,0,0,0,0,0,0,0,0,0,0,0,0,0,0,0,0,0,0,0,0,0,0,0,0,0,0,0,0,0,0,0,0,0,0,0,0,0,0,0,0,0,0,0,0,0,0,0,0,0,0,0,0,0,0,0,0,0,0,0,0,0,0,0,0,0,0,0,0,0,0,0,0,0,0,0,0,0,0,0,0,0,0,0,0,0,0,0,0,0,0,0,0,0
270,2025-04-22 20:29:40.493,96,0,0,0,0,0,0,0,0,0,0,0,0,0,0,0,0,0,0,0,0,0,0,0,0,0,0,0,0,0,0,0,0,0,0,0,0,0,0,0,0,0,0,0,0,0,0,0,0,0,0,0,0,0,0,0,0,0,0,0,0,0,0,0,0,0,0,0,0,0,0,0,0,0,0,0,0,0,0,0,0,0,0,0,0,0,0,0,0,0,0,0,0,0,0,0,0,0,0
271,2025-04-22 20:29:40.504,96,0,0,0,0,0,0,0,0,0,0,0,0,0,0,0,0,0,0,0,0,0,0,0,0,0,0,0,0,0,0,0,0,0,0,0,0,0,0,0,0,0,0,0,0,0,0,0,0,0,0,0,0,0,0,0,0,0,0,0,0,0,0,0,0,0,0,0,0,0,0,0,0,0,0,0,0,0,0,0,0,0,0,0,0,0,0,0,0,0,0,0,0,0,0,0,0,0,0
272,2025-04-22 20:29:40.514,96,0,0,0,0,0,0,0,0,0,0,0,0,0,0,0,0,0,0,0,0,0,0,0,0,0,0,0,0,0,0,0,0,0,0,0,0,0,0,0,0,0,0,0,0,0,0,0,0,0,0,0,0,0,0,0,0,0,0,0,0,0,0,0,0,0,0,0,0,0,0,0,0,0,0,0,0,0,0,0,0,0,0,0,0,0,0,0,0,0,0,0,0,0,0,0,0,0,0
273,2025-04-22 20:29:40.525,96,0,0,0,0,0,0,0,0,0,0,0,0,0,0,0,0,0,0,0,0,0,0,0,0,0,0,0,0,0,0,0,0,0,0,0,0,0,0,0,0,0,0,0,0,0,0,0,0,0,0,0,0,0,0,0,0,0,0,0,0,0,0,0,0,0,0,0,0,0,0,0,0,0,0,0,0,0,0,0,0,0,0,0,0,0,0,0,0,0,0,0,0,0,0,0,0,0,0
274,2025-04-22 20:29:40.533,96,0,0,0,0,0,0,0,0,0,0,0,0,0,0,0,0,0,0,0,0,0,0,0,0,0,0,0,0,0,0,0,0,0,0,0,0,0,0,0,0,0,0,0,0,0,0,0,0,0,0,0,0,0,0,0,0,0,0,0,0,0,0,0,0,0,0,0,0,0,0,0,0,0,0,0,0,0,0,0,0,0,0,0,0,0,0,0,0,0,0,0,0,0,0,0,0,0,0
275,2025-04-22 20:29:40.545,96,0,0,0,0,0,0,0,0,0,0,0,0,0,0,0,0,0,0,0,0,0,0,0,0,0,0,0,0,0,0,0,0,0,0,0,0,0,0,0,0,0,0,0,0,0,0,0,0,0,0,0,0,0,0,0,0,0,0,0,0,0,0,0,0,0,0,0,0,0,0,0,0,0,0,0,0,0,0,0,0,0,0,0,0,0,0,0,0,0,0,0,0,0,0,0,0,0,0
276,2025-04-22 20:29:40.555,96,0,0,0,0,0,0,0,0,0,0,0,0,0,0,0,0,0,0,0,0,0,0,0,0,0,0,0,0,0,0,0,0,0,0,0,0,0,0,0,0,0,0,0,0,0,0,0,0,0,0,0,0,0,0,0,0,0,0,0,0,0,0,0,0,0,0,0,0,0,0,0,0,0,0,0,0,0,0,0,0,0,0,0,0,0,0,0,0,0,0,0,0,0,0,0,0,0,0
277,2025-04-22 20:29:40.565,96,0,0,0,0,0,0,0,0,0,0,0,0,0,0,0,0,0,0,0,0,0,0,0,0,0,0,0,0,0,0,0,0,0,0,0,0,0,0,0,0,0,0,0,0,0,0,0,0,0,0,0,0,0,0,0,0,0,0,0,0,0,0,0,0,0,0,0,0,0,0,0,0,0,0,0,0,0,0,0,0,0,0,0,0,0,0,0,0,0,0,0,0,0,0,0,0,0,0
278,2025-04-22 20:29:40.586,96,0,0,0,0,0,0,0,0,0,0,0,0,0,0,0,0,0,0,0,0,0,0,0,0,0,0,0,0,0,0,0,0,0,0,0,0,0,0,0,0,0,0,0,0,0,0,0,0,0,0,0,0,0,0,0,0,0,0,0,0,0,0,0,0,0,0,0,0,0,0,0,0,0,0,0,0,0,0,0,0,0,0,0,0,0,0,0,0,0,0,0,0,0,0,0,0,0,0
279,2025-04-22 20:29:40.598,96,0,0,0,0,0,0,0,0,0,0,0,0,0,0,0,0,0,0,0,0,0,0,0,0,0,0,0,0,0,0,0,0,0,0,0,0,0,0,0,0,0,0,0,0,0,0,0,0,0,0,0,0,0,0,0,0,0,0,0,0,0,0,0,0,0,0,0,0,0,0,0,0,0,0,0,0,0,0,0,0,0,0,0,0,0,0,0,0,0,0,0,0,0,0,0,0,0,0
280,2025-04-22 20:29:40.608,96,0,0,0,0,0,0,0,0,0,0,0,0,0,0,0,0,0,0,0,0,0,0,0,0,0,0,0,0,0,0,0,0,0,0,0,0,0,0,0,0,0,0,0,0,0,0,0,0,0,0,0,0,0,0,0,0,0,0,0,0,0,0,0,0,0,0,0,0,0,0,0,0,0,0,0,0,0,0,0,0,0,0,0,0,0,0,0,0,0,0,0,0,0,0,0,0,0,0
281,2025-04-22 20:29:40.618,96,0,0,0,0,0,0,0,0,0,0,0,0,0,0,0,0,0,0,0,0,0,0,0,0,0,0,0,0,0,0,0,0,0,0,0,0,0,0,0,0,0,0,0,0,0,0,0,0,0,0,0,0,0,0,0,0,0,0,0,0,0,0,0,0,0,0,0,0,0,0,0,0,0,0,0,0,0,0,0,0,0,0,0,0,0,0,0,0,0,0,0,0,0,0,0,0,0,0
282,2025-04-22 20:29:40.629,96,0,0,0,0,0,0,0,0,0,0,0,0,0,0,0,0,0,0,0,0,0,0,0,0,0,0,0,0,0,0,0,0,0,0,0,0,0,0,0,0,0,0,0,0,0,0,0,0,0,0,0,0,0,0,0,0,0,0,0,0,0,0,0,0,0,0,0,0,0,0,0,0,0,0,0,0,0,0,0,0,0,0,0,0,0,0,0,0,0,0,0,0,0,0,0,0,0,0
283,2025-04-22 20:29:40.638,96,0,0,0,0,0,0,0,0,0,0,0,0,0,0,0,0,0,0,0,0,0,0,0,0,0,0,0,0,0,0,0,0,0,0,0,0,0,0,0,0,0,0,0,0,0,0,0,0,0,0,0,0,0,0,0,0,0,0,0,0,0,0,0,0,0,0,0,0,0,0,0,0,0,0,0,0,0,0,0,0,0,0,0,0,0,0,0,0,0,0,0,0,0,0,0,0,0,0
284,2025-04-22 20:29:40.650,96,0,0,0,0,0,0,0,0,0,0,0,0,0,0,0,0,0,0,0,0,0,0,0,0,0,0,0,0,0,0,0,0,0,0,0,0,0,0,0,0,0,0,0,0,0,0,0,0,0,0,0,0,0,0,0,0,0,0,0,0,0,0,0,0,0,0,0,0,0,0,0,0,0,0,0,0,0,0,0,0,0,0,0,0,0,0,0,0,0,0,0,0,0,0,0,0,0,0
285,2025-04-22 20:29:40.660,96,0,0,0,0,0,0,0,0,0,0,0,0,0,0,0,0,0,0,0,0,0,0,0,0,0,0,0,0,0,0,0,0,0,0,0,0,0,0,0,0,0,0,0,0,0,0,0,0,0,0,0,0,0,0,0,0,0,0,0,0,0,0,0,0,0,0,0,0,0,0,0,0,0,0,0,0,0,0,0,0,0,0,0,0,0,0,0,0,0,0,0,0,0,0,0,0,0,0
286,2025-04-22 20:29:40.671,96,0,0,0,0,0,0,0,0,0,0,0,0,0,0,0,0,0,0,0,0,0,0,0,0,0,0,0,0,0,0,0,0,0,0,0,0,0,0,0,0,0,0,0,0,0,0,0,0,0,0,0,0,0,0,0,0,0,0,0,0,0,0,0,0,0,0,0,0,0,0,0,0,0,0,0,0,0,0,0,0,0,0,0,0,0,0,0,0,0,0,0,0,0,0,0,0,0,0
287,2025-04-22 20:29:40.680,96,0,0,0,0,0,0,0,0,0,0,0,0,0,0,0,0,0,0,0,0,0,0,0,0,0,0,0,0,0,0,0,0,0,0,0,0,0,0,0,0,0,0,0,0,0,0,0,0,0,0,0,0,0,0,0,0,0,0,0,0,0,0,0,0,0,0,0,0,0,0,0,0,0,0,0,0,0,0,0,0,0,0,0,0,0,0,0,0,0,0,0,0,0,0,0,0,0,0
288,2025-04-22 20:29:40.698,96,0,0,0,0,0,0,0,0,0,0,0,0,0,0,0,0,0,0,0,0,0,0,0,0,0,0,0,0,0,0,0,0,0,0,0,0,0,0,0,0,0,0,0,0,0,0,0,0,0,0,0,0,0,0,0,0,0,0,0,0,0,0,0,0,0,0,0,0,0,0,0,0,0,0,0,0,0,0,0,0,0,0,0,0,0,0,0,0,0,0,0,0,0,0,0,0,0,0
289,2025-04-22 20:29:40.711,96,0,0,0,0,0,0,0,0,0,0,0,0,0,0,0,0,0,0,0,0,0,0,0,0,0,0,0,0,0,0,0,0,0,0,0,0,0,0,0,0,0,0,0,0,0,0,0,0,0,0,0,0,0,0,0,0,0,0,0,0,0,0,0,0,0,0,0,0,0,0,0,0,0,0,0,0,0,0,0,0,0,0,0,0,0,0,0,0,0,0,0,0,0,0,0,0,0,0
290,2025-04-22 20:29:40.721,96,0,0,0,0,0,0,0,0,0,0,0,0,0,0,0,0,0,0,0,0,0,0,0,0,0,0,0,0,0,0,0,0,0,0,0,0,0,0,0,0,0,0,0,0,0,0,0,0,0,0,0,0,0,0,0,0,0,0,0,0,0,0,0,0,0,0,0,0,0,0,0,0,0,0,0,0,0,0,0,0,0,0,0,0,0,0,0,0,0,0,0,0,0,0,0,0,0,0
291,2025-04-22 20:29:40.732,96,0,0,0,0,0,0,0,0,0,0,0,0,0,0,0,0,0,0,0,0,0,0,0,0,0,0,0,0,0,0,0,0,0,0,0,0,0,0,0,0,0,0,0,0,0,0,0,0,0,0,0,0,0,0,0,0,0,0,0,0,0,0,0,0,0,0,0,0,0,0,0,0,0,0,0,0,0,0,0,0,0,0,0,0,0,0,0,0,0,0,0,0,0,0,0,0,0,0
292,2025-04-22 20:29:40.741,96,0,0,0,0,0,0,0,0,0,0,0,0,0,0,0,0,0,0,0,0,0,0,0,0,0,0,0,0,0,0,0,0,0,0,0,0,0,0,0,0,0,0,0,0,0,0,0,0,0,0,0,0,0,0,0,0,0,0,0,0,0,0,0,0,0,0,0,0,0,0,0,0,0,0,0,0,0,0,0,0,0,0,0,0,0,0,0,0,0,0,0,0,0,0,0,0,0,0
293,2025-04-22 20:29:40.752,96,0,0,0,0,0,0,0,0,0,0,0,0,0,0,0,0,0,0,0,0,0,0,0,0,0,0,0,0,0,0,0,0,0,0,0,0,0,0,0,0,0,0,0,0,0,0,0,0,0,0,0,0,0,0,0,0,0,0,0,0,0,0,0,0,0,0,0,0,0,0,0,0,0,0,0,0,0,0,0,0,0,0,0,0,0,0,0,0,0,0,0,0,0,0,0,0,0,0
294,2025-04-22 20:29:40.762,96,0,0,0,0,0,0,0,0,0,0,0,0,0,0,0,0,0,0,0,0,0,0,0,0,0,0,0,0,0,0,0,0,0,0,0,0,0,0,0,0,0,0,0,0,0,0,0,0,0,0,0,0,0,0,0,0,0,0,0,0,0,0,0,0,0,0,0,0,0,0,0,0,0,0,0,0,0,0,0,0,0,0,0,0,0,0,0,0,0,0,0,0,0,0,0,0,0,0
295,2025-04-22 20:29:40.773,96,0,0,0,0,0,0,0,0,0,0,0,0,0,0,0,0,0,0,0,0,0,0,0,0,0,0,0,0,0,0,0,0,0,0,0,0,0,0,0,0,0,0,0,0,0,0,0,0,0,0,0,0,0,0,0,0,0,0,0,0,0,0,0,0,0,0,0,0,0,0,0,0,0,0,0,0,0,0,0,0,0,0,0,0,0,0,0,0,0,0,0,0,0,0,0,0,0,0
296,2025-04-22 20:29:40.783,96,0,0,0,0,0,0,0,0,0,0,0,0,0,0,0,0,0,0,0,0,0,0,0,0,0,0,0,0,0,0,0,0,0,0,0,0,0,0,0,0,0,0,0,0,0,0,0,0,0,0,0,0,0,0,0,0,0,0,0,0,0,0,0,0,0,0,0,0,0,0,0,0,0,0,0,0,0,0,0,0,0,0,0,0,0,0,0,0,0,0,0,0,0,0,0,0,0,0
297,2025-04-22 20:29:40.795,96,0,0,0,0,0,0,0,0,0,0,0,0,0,0,0,0,0,0,0,0,0,0,0,0,0,0,0,0,0,0,0,0,0,0,0,0,0,0,0,0,0,0,0,0,0,0,0,0,0,0,0,0,0,0,0,0,0,0,0,0,0,0,0,0,0,0,0,0,0,0,0,0,0,0,0,0,0,0,0,0,0,0,0,0,0,0,0,0,0,0,0,0,0,0,0,0,0,0
298,2025-04-22 20:29:40.805,96,0,0,0,0,0,0,0,0,0,0,0,0,0,0,0,0,0,0,0,0,0,0,0,0,0,0,0,0,0,0,0,0,0,0,0,0,0,0,0,0,0,0,0,0,0,0,0,0,0,0,0,0,0,0,0,0,0,0,0,0,0,0,0,0,0,0,0,0,0,0,0,0,0,0,0,0,0,0,0,0,0,0,0,0,0,0,0,0,0,0,0,0,0,0,0,0,0,0
299,2025-04-22 20:29:40.825,96,0,0,0,0,0,0,0,0,0,0,0,0,0,0,0,0,0,0,0,0,0,0,0,0,0,0,0,0,0,0,0,0,0,0,0,0,0,0,0,0,0,0,0,0,0,0,0,0,0,0,0,0,0,0,0,0,0,0,0,0,0,0,0,0,0,0,0,0,0,0,0,0,0,0,0,0,0,0,0,0,0,0,0,0,0,0,0,0,0,0,0,0,0,0,0,0,0,0
300,2025-04-22 20:29:40.837,96,0,0,0,0,0,0,0,0,0,0,0,0,0,0,0,0,0,0,0,0,0,0,0,0,0,0,0,0,0,0,0,0,0,0,0,0,0,0,0,0,0,0,0,0,0,0,0,0,0,0,0,0,0,0,0,0,0,0,0,0,0,0,0,0,0,0,0,0,0,0,0,0,0,0,0,0,0,0,0,0,0,0,0,0,0,0,0,0,0,0,0,0,0,0,0,0,0,0
301,2025-04-22 20:29:40.845,96,0,0,0,0,0,0,0,0,0,0,0,0,0,0,0,0,0,0,0,0,0,0,0,0,0,0,0,0,0,0,0,0,0,0,0,0,0,0,0,0,0,0,0,0,0,0,0,0,0,0,0,0,0,0,0,0,0,0,0,0,0,0,0,0,0,0,0,0,0,0,0,0,0,0,0,0,0,0,0,0,0,0,0,0,0,0,0,0,0,0,0,0,0,0,0,0,0,0
302,2025-04-22 20:29:40.857,96,0,0,0,0,0,0,0,0,0,0,0,0,0,0,0,0,0,0,0,0,0,0,0,0,0,0,0,0,0,0,0,0,0,0,0,0,0,0,0,0,0,0,0,0,0,0,0,0,0,0,0,0,0,0,0,0,0,0,0,0,0,0,0,0,0,0,0,0,0,0,0,0,0,0,0,0,0,0,0,0,0,0,0,0,0,0,0,0,0,0,0,0,0,0,0,0,0,0
303,2025-04-22 20:29:40.868,96,0,0,0,0,0,0,0,0,0,0,0,0,0,0,0,0,0,0,0,0,0,0,0,0,0,0,0,0,0,0,0,0,0,0,0,0,0,0,0,0,0,0,0,0,0,0,0,0,0,0,0,0,0,0,0,0,0,0,0,0,0,0,0,0,0,0,0,0,0,0,0,0,0,0,0,0,0,0,0,0,0,0,0,0,0,0,0,0,0,0,0,0,0,0,0,0,0,0
304,2025-04-22 20:29:40.879,96,0,0,0,0,0,0,0,0,0,0,0,0,0,0,0,0,0,0,0,0,0,0,0,0,0,0,0,0,0,0,0,0,0,0,0,0,0,0,0,0,0,0,0,0,0,0,0,0,0,0,0,0,0,0,0,0,0,0,0,0,0,0,0,0,0,0,0,0,0,0,0,0,0,0,0,0,0,0,0,0,0,0,0,0,0,0,0,0,0,0,0,0,0,0,0,0,0,0
305,2025-04-22 20:29:40.888,96,0,0,0,0,0,0,0,0,0,0,0,0,0,0,0,0,0,0,0,0,0,0,0,0,0,0,0,0,0,0,0,0,0,0,0,0,0,0,0,0,0,0,0,0,0,0,0,0,0,0,0,0,0,0,0,0,0,0,0,0,0,0,0,0,0,0,0,0,0,0,0,0,0,0,0,0,0,0,0,0,0,0,0,0,0,0,0,0,0,0,0,0,0,0,0,0,0,0
306,2025-04-22 20:29:40.900,96,0,0,0,0,0,0,0,0,0,0,0,0,0,0,0,0,0,0,0,0,0,0,0,0,0,0,0,0,0,0,0,0,0,0,0,0,0,0,0,0,0,0,0,0,0,0,0,0,0,0,0,0,0,0,0,0,0,0,0,0,0,0,0,0,0,0,0,0,0,0,0,0,0,0,0,0,0,0,0,0,0,0,0,0,0,0,0,0,0,0,0,0,0,0,0,0,0,0
307,2025-04-22 20:29:40.909,96,0,0,0,0,0,0,0,0,0,0,0,0,0,0,0,0,0,0,0,0,0,0,0,0,0,0,0,0,0,0,0,0,0,0,0,0,0,0,0,0,0,0,0,0,0,0,0,0,0,0,0,0,0,0,0,0,0,0,0,0,0,0,0,0,0,0,0,0,0,0,0,0,0,0,0,0,0,0,0,0,0,0,0,0,0,0,0,0,0,0,0,0,0,0,0,0,0,0
308,2025-04-22 20:29:40.918,96,0,0,0,0,0,0,0,0,0,0,0,0,0,0,0,0,0,0,0,0,0,0,0,0,0,0,0,0,0,0,0,0,0,0,0,0,0,0,0,0,0,0,0,0,0,0,0,0,0,0,0,0,0,0,0,0,0,0,0,0,0,0,0,0,0,0,0,0,0,0,0,0,0,0,0,0,0,0,0,0,0,0,0,0,0,0,0,0,0,0,0,0,0,0,0,0,0,0
309,2025-04-22 20:29:40.931,96,0,0,0,0,0,0,0,0,0,0,0,0,0,0,0,0,0,0,0,0,0,0,0,0,0,0,0,0,0,0,0,0,0,0,0,0,0,0,0,0,0,0,0,0,0,0,0,0,0,0,0,0,0,0,0,0,0,0,0,0,0,0,0,0,0,0,0,0,0,0,0,0,0,0,0,0,0,0,0,0,0,0,0,0,0,0,0,0,0,0,0,0,0,0,0,0,0,0
310,2025-04-22 20:29:40.940,96,0,0,0,0,0,0,0,0,0,0,0,0,0,0,0,0,0,0,0,0,0,0,0,0,0,0,0,0,0,0,0,0,0,0,0,0,0,0,0,0,0,0,0,0,0,0,0,0,0,0,0,0,0,0,0,0,0,0,0,0,0,0,0,0,0,0,0,0,0,0,0,0,0,0,0,0,0,0,0,0,0,0,0,0,0,0,0,0,0,0,0,0,0,0,0,0,0,0
311,2025-04-22 20:29:40.962,96,0,0,0,0,0,0,0,0,0,0,0,0,0,0,0,0,0,0,0,0,0,0,0,0,0,0,0,0,0,0,0,0,0,0,0,0,0,0,0,0,0,0,0,0,0,0,0,0,0,0,0,0,0,0,0,0,0,0,0,0,0,0,0,0,0,0,0,0,0,0,0,0,0,0,0,0,0,0,0,0,0,0,0,0,0,0,0,0,0,0,0,0,0,0,0,0,0,0
312,2025-04-22 20:29:40.972,96,0,0,0,0,0,0,0,0,0,0,0,0,0,0,0,0,0,0,0,0,0,0,0,0,0,0,0,0,0,0,0,0,0,0,0,0,0,0,0,0,0,0,0,0,0,0,0,0,0,0,0,0,0,0,0,0,0,0,0,0,0,0,0,0,0,0,0,0,0,0,0,0,0,0,0,0,0,0,0,0,0,0,0,0,0,0,0,0,0,0,0,0,0,0,0,0,0,0
313,2025-04-22 20:29:40.981,96,0,0,0,0,0,0,0,0,0,0,0,0,0,0,0,0,0,0,0,0,0,0,0,0,0,0,0,0,0,0,0,0,0,0,0,0,0,0,0,0,0,0,0,0,0,0,0,0,0,0,0,0,0,0,0,0,0,0,0,0,0,0,0,0,0,0,0,0,0,0,0,0,0,0,0,0,0,0,0,0,0,0,0,0,0,0,0,0,0,0,0,0,0,0,0,0,0,0
314,2025-04-22 20:29:40.992,96,0,0,0,0,0,0,0,0,0,0,0,0,0,0,0,0,0,0,0,0,0,0,0,0,0,0,0,0,0,0,0,0,0,0,0,0,0,0,0,0,0,0,0,0,0,0,0,0,0,0,0,0,0,0,0,0,0,0,0,0,0,0,0,0,0,0,0,0,0,0,0,0,0,0,0,0,0,0,0,0,0,0,0,0,0,0,0,0,0,0,0,0,0,0,0,0,0,0
315,2025-04-22 20:29:41.003,96,0,0,0,0,0,0,0,0,0,0,0,0,0,0,0,0,0,0,0,0,0,0,0,0,0,0,0,0,0,0,0,0,0,0,0,0,0,0,0,0,0,0,0,0,0,0,0,0,0,0,0,0,0,0,0,0,0,0,0,0,0,0,0,0,0,0,0,0,0,0,0,0,0,0,0,0,0,0,0,0,0,0,0,0,0,0,0,0,0,0,0,0,0,0,0,0,0,0
316,2025-04-22 20:29:41.014,96,0,0,0,0,0,0,0,0,0,0,0,0,0,0,0,0,0,0,0,0,0,0,0,0,0,0,0,0,0,0,0,0,0,0,0,0,0,0,0,0,0,0,0,0,0,0,0,0,0,0,0,0,0,0,0,0,0,0,0,0,0,0,0,0,0,0,0,0,0,0,0,0,0,0,0,0,0,0,0,0,0,0,0,0,0,0,0,0,0,0,0,0,0,0,0,0,0,0
317,2025-04-22 20:29:41.024,96,0,0,0,0,0,0,0,0,0,0,0,0,0,0,0,0,0,0,0,0,0,0,0,0,0,0,0,0,0,0,0,0,0,0,0,0,0,0,0,0,0,0,0,0,0,0,0,0,0,0,0,0,0,0,0,0,0,0,0,0,0,0,0,0,0,0,0,0,0,0,0,0,0,0,0,0,0,0,0,0,0,0,0,0,0,0,0,0,0,0,0,0,0,0,0,0,0,0
318,2025-04-22 20:29:41.035,96,0,0,0,0,0,0,0,0,0,0,0,0,0,0,0,0,0,0,0,0,0,0,0,0,0,0,0,0,0,0,0,0,0,0,0,0,0,0,0,0,0,0,0,0,0,0,0,0,0,0,0,0,0,0,0,0,0,0,0,0,0,0,0,0,0,0,0,0,0,0,0,0,0,0,0,0,0,0,0,0,0,0,0,0,0,0,0,0,0,0,0,0,0,0,0,0,0,0
319,2025-04-22 20:29:41.045,96,0,0,0,0,0,0,0,0,0,0,0,0,0,0,0,0,0,0,0,0,0,0,0,0,0,0,0,0,0,0,0,0,0,0,0,0,0,0,0,0,0,0,0,0,0,0,0,0,0,0,0,0,0,0,0,0,0,0,0,0,0,0,0,0,0,0,0,0,0,0,0,0,0,0,0,0,0,0,0,0,0,0,0,0,0,0,0,0,0,0,0,0,0,0,0,0,0,0
320,2025-04-22 20:29:41.057,96,0,0,0,0,0,0,0,0,0,0,0,0,0,0,0,0,0,0,0,0,0,0,0,0,0,0,0,0,0,0,0,0,0,0,0,0,0,0,0,0,0,0,0,0,0,0,0,0,0,0,0,0,0,0,0,0,0,0,0,0,0,0,0,0,0,0,0,0,0,0,0,0,0,0,0,0,0,0,0,0,0,0,0,0,0,0,0,0,0,0,0,0,0,0,0,0,0,0
321,2025-04-22 20:29:41.067,96,0,0,0,0,0,0,0,0,0,0,0,0,0,0,0,0,0,0,0,0,0,0,0,0,0,0,0,0,0,0,0,0,0,0,0,0,0,0,0,0,0,0,0,0,0,0,0,0,0,0,0,0,0,0,0,0,0,0,0,0,0,0,0,0,0,0,0,0,0,0,0,0,0,0,0,0,0,0,0,0,0,0,0,0,0,0,0,0,0,0,0,0,0,0,0,0,0,0
322,2025-04-22 20:29:41.078,96,0,0,0,0,0,0,0,0,0,0,0,0,0,0,0,0,0,0,0,0,0,0,0,0,0,0,0,0,0,0,0,0,0,0,0,0,0,0,0,0,0,0,0,0,0,0,0,0,0,0,0,0,0,0,0,0,0,0,0,0,0,0,0,0,0,0,0,0,0,0,0,0,0,0,0,0,0,0,0,0,0,0,0,0,0,0,0,0,0,0,0,0,0,0,0,0,0,0
323,2025-04-22 20:29:41.089,96,0,0,0,0,0,0,0,0,0,0,0,0,0,0,0,0,0,0,0,0,0,0,0,0,0,0,0,0,0,0,0,0,0,0,0,0,0,0,0,0,0,0,0,0,0,0,0,0,0,0,0,0,0,0,0,0,0,0,0,0,0,0,0,0,0,0,0,0,0,0,0,0,0,0,0,0,0,0,0,0,0,0,0,0,0,0,0,0,0,0,0,0,0,0,0,0,0,0
324,2025-04-22 20:29:41.110,96,0,0,0,0,0,0,0,0,0,0,0,0,0,0,0,0,0,0,0,0,0,0,0,0,0,0,0,0,0,0,0,0,0,0,0,0,0,0,0,0,0,0,0,0,0,0,0,0,0,0,0,0,0,0,0,0,0,0,0,0,0,0,0,0,0,0,0,0,0,0,0,0,0,0,0,0,0,0,0,0,0,0,0,0,0,0,0,0,0,0,0,0,0,0,0,0,0,0
325,2025-04-22 20:29:41.119,96,0,0,0,0,0,0,0,0,0,0,0,0,0,0,0,0,0,0,0,0,0,0,0,0,0,0,0,0,0,0,0,0,0,0,0,0,0,0,0,0,0,0,0,0,0,0,0,0,0,0,0,0,0,0,0,0,0,0,0,0,0,0,0,0,0,0,0,0,0,0,0,0,0,0,0,0,0,0,0,0,0,0,0,0,0,0,0,0,0,0,0,0,0,0,0,0,0,0
326,2025-04-22 20:29:41.130,96,0,0,0,0,0,0,0,0,0,0,0,0,0,0,0,0,0,0,0,0,0,0,0,0,0,0,0,0,0,0,0,0,0,0,0,0,0,0,0,0,0,0,0,0,0,0,0,0,0,0,0,0,0,0,0,0,0,0,0,0,0,0,0,0,0,0,0,0,0,0,0,0,0,0,0,0,0,0,0,0,0,0,0,0,0,0,0,0,0,0,0,0,0,0,0,0,0,0
327,2025-04-22 20:29:41.140,96,0,0,0,0,0,0,0,0,0,0,0,0,0,0,0,0,0,0,0,0,0,0,0,0,0,0,0,0,0,0,0,0,0,0,0,0,0,0,0,0,0,0,0,0,0,0,0,0,0,0,0,0,0,0,0,0,0,0,0,0,0,0,0,0,0,0,0,0,0,0,0,0,0,0,0,0,0,0,0,0,0,0,0,0,0,0,0,0,0,0,0,0,0,0,0,0,0,0
328,2025-04-22 20:29:41.151,96,0,0,0,0,0,0,0,0,0,0,0,0,0,0,0,0,0,0,0,0,0,0,0,0,0,0,0,0,0,0,0,0,0,0,0,0,0,0,0,0,0,0,0,0,0,0,0,0,0,0,0,0,0,0,0,0,0,0,0,0,0,0,0,0,0,0,0,0,0,0,0,0,0,0,0,0,0,0,0,0,0,0,0,0,0,0,0,0,0,0,0,0,0,0,0,0,0,0
329,2025-04-22 20:29:41.162,96,0,0,0,0,0,0,0,0,0,0,0,0,0,0,0,0,0,0,0,0,0,0,0,0,0,0,0,0,0,0,0,0,0,0,0,0,0,0,0,0,0,0,0,0,0,0,0,0,0,0,0,0,0,0,0,0,0,0,0,0,0,0,0,0,0,0,0,0,0,0,0,0,0,0,0,0,0,0,0,0,0,0,0,0,0,0,0,0,0,0,0,0,0,0,0,0,0,0
330,2025-04-22 20:29:41.172,96,0,0,0,0,0,0,0,0,0,0,0,0,0,0,0,0,0,0,0,0,0,0,0,0,0,0,0,0,0,0,0,0,0,0,0,0,0,0,0,0,0,0,0,0,0,0,0,0,0,0,0,0,0,0,0,0,0,0,0,0,0,0,0,0,0,0,0,0,0,0,0,0,0,0,0,0,0,0,0,0,0,0,0,0,0,0,0,0,0,0,0,0,0,0,0,0,0,0
331,2025-04-22 20:29:41.182,96,0,0,0,0,0,0,0,0,0,0,0,0,0,0,0,0,0,0,0,0,0,0,0,0,0,0,0,0,0,0,0,0,0,0,0,0,0,0,0,0,0,0,0,0,0,0,0,0,0,0,0,0,0,0,0,0,0,0,0,0,0,0,0,0,0,0,0,0,0,0,0,0,0,0,0,0,0,0,0,0,0,0,0,0,0,0,0,0,0,0,0,0,0,0,0,0,0,0
332,2025-04-22 20:29:41.194,96,0,0,0,0,0,0,0,0,0,0,0,0,0,0,0,0,0,0,0,0,0,0,0,0,0,0,0,0,0,0,0,0,0,0,0,0,0,0,0,0,0,0,0,0,0,0,0,0,0,0,0,0,0,0,0,0,0,0,0,0,0,0,0,0,0,0,0,0,0,0,0,0,0,0,0,0,0,0,0,0,0,0,0,0,0,0,0,0,0,0,0,0,0,0,0,0,0,0
333,2025-04-22 20:29:41.204,96,0,0,0,0,0,0,0,0,0,0,0,0,0,0,0,0,0,0,0,0,0,0,0,0,0,0,0,0,0,0,0,0,0,0,0,0,0,0,0,0,0,0,0,0,0,0,0,0,0,0,0,0,0,0,0,0,0,0,0,0,0,0,0,0,0,0,0,0,0,0,0,0,0,0,0,0,0,0,0,0,0,0,0,0,0,0,0,0,0,0,0,0,0,0,0,0,0,0
334,2025-04-22 20:29:41.214,96,0,0,0,0,0,0,0,0,0,0,0,0,0,0,0,0,0,0,0,0,0,0,0,0,0,0,0,0,0,0,0,0,0,0,0,0,0,0,0,0,0,0,0,0,0,0,0,0,0,0,0,0,0,0,0,0,0,0,0,0,0,0,0,0,0,0,0,0,0,0,0,0,0,0,0,0,0,0,0,0,0,0,0,0,0,0,0,0,0,0,0,0,0,0,0,0,0,0
335,2025-04-22 20:29:41.235,96,0,0,0,0,0,0,0,0,0,0,0,0,0,0,0,0,0,0,0,0,0,0,0,0,0,0,0,0,0,0,0,0,0,0,0,0,0,0,0,0,0,0,0,0,0,0,0,0,0,0,0,0,0,0,0,0,0,0,0,0,0,0,0,0,0,0,0,0,0,0,0,0,0,0,0,0,0,0,0,0,0,0,0,0,0,0,0,0,0,0,0,0,0,0,0,0,0,0
336,2025-04-22 20:29:41.245,96,0,0,0,0,0,0,0,0,0,0,0,0,0,0,0,0,0,0,0,0,0,0,0,0,0,0,0,0,0,0,0,0,0,0,0,0,0,0,0,0,0,0,0,0,0,0,0,0,0,0,0,0,0,0,0,0,0,0,0,0,0,0,0,0,0,0,0,0,0,0,0,0,0,0,0,0,0,0,0,0,0,0,0,0,0,0,0,0,0,0,0,0,0,0,0,0,0,0
337,2025-04-22 20:29:41.256,96,0,0,0,0,0,0,0,0,0,0,0,0,0,0,0,0,0,0,0,0,0,0,0,0,0,0,0,0,0,0,0,0,0,0,0,0,0,0,0,0,0,0,0,0,0,0,0,0,0,0,0,0,0,0,0,0,0,0,0,0,0,0,0,0,0,0,0,0,0,0,0,0,0,0,0,0,0,0,0,0,0,0,0,0,0,0,0,0,0,0,0,0,0,0,0,0,0,0
338,2025-04-22 20:29:41.267,96,0,0,0,0,0,0,0,0,0,0,0,0,0,0,0,0,0,0,0,0,0,0,0,0,0,0,0,0,0,0,0,0,0,0,0,0,0,0,0,0,0,0,0,0,0,0,0,0,0,0,0,0,0,0,0,0,0,0,0,0,0,0,0,0,0,0,0,0,0,0,0,0,0,0,0,0,0,0,0,0,0,0,0,0,0,0,0,0,0,0,0,0,0,0,0,0,0,0
339,2025-04-22 20:29:41.276,96,0,0,0,0,0,0,0,0,0,0,0,0,0,0,0,0,0,0,0,0,0,0,0,0,0,0,0,0,0,0,0,0,0,0,0,0,0,0,0,0,0,0,0,0,0,0,0,0,0,0,0,0,0,0,0,0,0,0,0,0,0,0,0,0,0,0,0,0,0,0,0,0,0,0,0,0,0,0,0,0,0,0,0,0,0,0,0,0,0,0,0,0,0,0,0,0,0,0
340,2025-04-22 20:29:41.286,96,0,0,0,0,0,0,0,0,0,0,0,0,0,0,0,0,0,0,0,0,0,0,0,0,0,0,0,0,0,0,0,0,0,0,0,0,0,0,0,0,0,0,0,0,0,0,0,0,0,0,0,0,0,0,0,0,0,0,0,0,0,0,0,0,0,0,0,0,0,0,0,0,0,0,0,0,0,0,0,0,0,0,0,0,0,0,0,0,0,0,0,0,0,0,0,0,0,0
341,2025-04-22 20:29:41.298,96,0,0,0,0,0,0,0,0,0,0,0,0,0,0,0,0,0,0,0,0,0,0,0,0,0,0,0,0,0,0,0,0,0,0,0,0,0,0,0,0,0,0,0,0,0,0,0,0,0,0,0,0,0,0,0,0,0,0,0,0,0,0,0,0,0,0,0,0,0,0,0,0,0,0,0,0,0,0,0,0,0,0,0,0,0,0,0,0,0,0,0,0,0,0,0,0,0,0
342,2025-04-22 20:29:41.307,96,0,0,0,0,0,0,0,0,0,0,0,0,0,0,0,0,0,0,0,0,0,0,0,0,0,0,0,0,0,0,0,0,0,0,0,0,0,0,0,0,0,0,0,0,0,0,0,0,0,0,0,0,0,0,0,0,0,0,0,0,0,0,0,0,0,0,0,0,0,0,0,0,0,0,0,0,0,0,0,0,0,0,0,0,0,0,0,0,0,0,0,0,0,0,0,0,0,0
343,2025-04-22 20:29:41.318,96,0,0,0,0,0,0,0,0,0,0,0,0,0,0,0,0,0,0,0,0,0,0,0,0,0,0,0,0,0,0,0,0,0,0,0,0,0,0,0,0,0,0,0,0,0,0,0,0,0,0,0,0,0,0,0,0,0,0,0,0,0,0,0,0,0,0,0,0,0,0,0,0,0,0,0,0,0,0,0,0,0,0,0,0,0,0,0,0,0,0,0,0,0,0,0,0,0,0
344,2025-04-22 20:29:41.328,96,0,0,0,0,0,0,0,0,0,0,0,0,0,0,0,0,0,0,0,0,0,0,0,0,0,0,0,0,0,0,0,0,0,0,0,0,0,0,0,0,0,0,0,0,0,0,0,0,0,0,0,0,0,0,0,0,0,0,0,0,0,0,0,0,0,0,0,0,0,0,0,0,0,0,0,0,0,0,0,0,0,0,0,0,0,0,0,0,0,0,0,0,0,0,0,0,0,0
345,2025-04-22 20:29:41.349,96,0,0,0,0,0,0,0,0,0,0,0,0,0,0,0,0,0,0,0,0,0,0,0,0,0,0,0,0,0,0,0,0,0,0,0,0,0,0,0,0,0,0,0,0,0,0,0,0,0,0,0,0,0,0,0,0,0,0,0,0,0,0,0,0,0,0,0,0,0,0,0,0,0,0,0,0,0,0,0,0,0,0,0,0,0,0,0,0,0,0,0,0,0,0,0,0,0,0
346,2025-04-22 20:29:41.360,96,0,0,0,0,0,0,0,0,0,0,0,0,0,0,0,0,0,0,0,0,0,0,0,0,0,0,0,0,0,0,0,0,0,0,0,0,0,0,0,0,0,0,0,0,0,0,0,0,0,0,0,0,0,0,0,0,0,0,0,0,0,0,0,0,0,0,0,0,0,0,0,0,0,0,0,0,0,0,0,0,0,0,0,0,0,0,0,0,0,0,0,0,0,0,0,0,0,0
347,2025-04-22 20:29:41.372,96,0,0,0,0,0,0,0,0,0,0,0,0,0,0,0,0,0,0,0,0,0,0,0,0,0,0,0,0,0,0,0,0,0,0,0,0,0,0,0,0,0,0,0,0,0,0,0,0,0,0,0,0,0,0,0,0,0,0,0,0,0,0,0,0,0,0,0,0,0,0,0,0,0,0,0,0,0,0,0,0,0,0,0,0,0,0,0,0,0,0,0,0,0,0,0,0,0,0
348,2025-04-22 20:29:41.383,96,0,0,0,0,0,0,0,0,0,0,0,0,0,0,0,0,0,0,0,0,0,0,0,0,0,0,0,0,0,0,0,0,0,0,0,0,0,0,0,0,0,0,0,0,0,0,0,0,0,0,0,0,0,0,0,0,0,0,0,0,0,0,0,0,0,0,0,0,0,0,0,0,0,0,0,0,0,0,0,0,0,0,0,0,0,0,0,0,0,0,0,0,0,0,0,0,0,0
